"Artist","Plays","Songs","First Listen","Plays Per Song"
"Kanye West",3781,133,"2017-05-28",28.4285714285714
"Travis Scott",3729,52,"2017-06-10",71.7115384615385
"Kendrick Lamar",3676,92,"2017-04-19",39.9565217391304
"The Weeknd",3016,89,"2016-04-25",33.8876404494382
"Drake",2547,140,"2016-04-24",18.1928571428571
"Kid Cudi",2397,142,"2017-11-16",16.8802816901408
"The Beatles",1854,85,"2017-09-02",21.8117647058824
"Logic",1675,105,"2017-05-16",15.952380952381
"Baby Keem",1600,50,"2020-03-07",32
"Jack Harlow",1203,46,"2019-11-09",26.1521739130435
"Bryson Tiller",1091,63,"2016-04-28",17.3174603174603
"Queen",953,64,"2017-10-16",14.890625
"J. Cole",845,46,"2017-05-16",18.3695652173913
"Coldplay",844,20,"2016-04-19",42.2
"Maroon 5",840,32,"2017-03-27",26.25
"Cage The Elephant",819,50,"2021-02-11",16.38
"Tyler, The Creator",673,39,"2017-07-26",17.2564102564103
"Don Toliver",671,44,"2019-09-10",15.25
"Calvin Harris",669,20,"2016-04-21",33.45
"Frank Ocean",647,41,"2017-07-18",15.780487804878
"Post Malone",616,37,"2017-05-02",16.6486486486486
"Future",537,33,"2016-04-26",16.2727272727273
"blackbear",509,10,"2017-06-08",50.9
"Childish Gambino",451,21,"2016-04-26",21.4761904761905
"Eminem",438,59,"2017-07-17",7.42372881355932
"Playboi Carti",429,52,"2017-07-15",8.25
"Lil Wayne",426,26,"2017-06-17",16.3846153846154
"Young Thug",415,18,"2017-03-27",23.0555555555556
"Khalid",392,26,"2017-05-08",15.0769230769231
"OneRepublic",388,8,"2017-09-05",48.5
"Joey Bada$$",374,47,"2017-05-16",7.95744680851064
"Lil Uzi Vert",370,36,"2017-05-16",10.2777777777778
"Juice WRLD",363,31,"2018-07-12",11.7096774193548
"Tory Lanez",362,35,"2019-01-15",10.3428571428571
"Marshmello",358,13,"2017-09-11",27.5384615384615
"Roddy Ricch",358,38,"2019-08-15",9.42105263157895
"Justin Timberlake",355,21,"2017-06-17",16.9047619047619
"NAV",352,15,"2017-07-25",23.4666666666667
"Miguel",328,8,"2018-01-23",41
"mike.",284,4,"2019-01-08",71
"Brent Faiyaz",281,50,"2019-01-21",5.62
"Migos",280,31,"2017-05-18",9.03225806451613
"Mac Miller",268,40,"2018-11-17",6.7
"A$AP Rocky",266,20,"2016-04-25",13.3
"Bruno Mars",263,14,"2017-05-25",18.7857142857143
"Led Zeppelin",257,9,"2018-02-09",28.5555555555556
"Mustard",251,7,"2019-02-05",35.8571428571429
"Mura Masa",240,3,"2019-03-14",80
"XXXTENTACION",240,18,"2017-06-29",13.3333333333333
"Boston",238,3,"2017-10-08",79.3333333333333
"Billie Eilish",235,25,"2019-01-16",9.4
"Rex Orange County",235,24,"2018-12-07",9.79166666666667
"Foster The People",233,4,"2019-01-23",58.25
"fun.",227,3,"2018-08-12",75.6666666666667
"Ellie Goulding",225,4,"2018-04-07",56.25
"Lil Tecca",222,10,"2019-08-06",22.2
"Chris Brown",220,15,"2016-04-28",14.6666666666667
"21 Savage",217,19,"2017-07-13",11.4210526315789
"Eagles",214,7,"2017-09-05",30.5714285714286
"A Boogie Wit da Hoodie",211,9,"2017-05-18",23.4444444444444
"Billy Joel",211,6,"2019-01-28",35.1666666666667
"JAY-Z",208,20,"2016-04-30",10.4
"Green Day",204,7,"2017-10-10",29.1428571428571
"Meek Mill",200,21,"2018-02-16",9.52380952380952
"DJ Khaled",199,35,"2016-04-29",5.68571428571429
"SOB X RBE",198,4,"2018-02-09",49.5
"Alina Baraz",193,3,"2019-01-23",64.3333333333333
"Fleetwood Mac",189,37,"2018-12-27",5.10810810810811
"Daft Punk",188,7,"2016-04-20",26.8571428571429
"The Rolling Stones",182,16,"2016-04-20",11.375
"KIDS SEE GHOSTS",181,7,"2018-06-08",25.8571428571429
"Elton John",178,12,"2017-09-05",14.8333333333333
"Avicii",172,8,"2016-04-23",21.5
"SZA",169,33,"2017-10-20",5.12121212121212
"Zacari",168,3,"2018-02-09",56
"Thundercat",165,51,"2021-03-08",3.23529411764706
"Beach House",164,23,"2022-01-07",7.1304347826087
"Lil Baby",160,19,"2018-06-19",8.42105263157895
"Fetty Wap",158,7,"2016-04-24",22.5714285714286
"Polo G",158,22,"2019-11-02",7.18181818181818
"Justin Bieber",156,7,"2017-06-16",22.2857142857143
"DaBaby",155,22,"2019-05-06",7.04545454545455
"TOTO",155,3,"2017-10-15",51.6666666666667
"Lynyrd Skynyrd",153,6,"2017-10-15",25.5
"Fitz and The Tantrums",152,6,"2017-09-10",25.3333333333333
"Lil Nas X",152,21,"2019-03-25",7.23809523809524
"Roy Woods",152,5,"2017-12-14",30.4
"Lil Mosey",149,11,"2018-10-25",13.5454545454545
"Tom Petty",148,12,"2017-10-08",12.3333333333333
"Metro Boomin",146,27,"2018-02-19",5.40740740740741
"Red Hot Chili Peppers",144,3,"2018-02-23",48
"Gunna",141,24,"2019-02-19",5.875
"Jorja Smith",141,1,"2018-02-16",141
"Pop Smoke",141,24,"2020-02-06",5.875
"Ariana Grande",139,12,"2016-04-28",11.5833333333333
"Vance Joy",139,4,"2018-02-14",34.75
"6ix9ine",138,12,"2018-02-09",11.5
"Pacific Air",138,1,"2018-01-03",138
"Bryce Vine",137,3,"2020-09-19",45.6666666666667
"Jason Derulo",137,7,"2017-05-16",19.5714285714286
"iann dior",137,7,"2019-11-10",19.5714285714286
"Electric Light Orchestra",136,9,"2019-01-16",15.1111111111111
"PARTYNEXTDOOR",134,9,"2019-11-22",14.8888888888889
"Shankar-Ehsaan-Loy",134,7,"2019-04-23",19.1428571428571
"Creedence Clearwater Revival",133,16,"2018-12-07",8.3125
"Mike Posner",133,3,"2016-04-18",44.3333333333333
"Clean Bandit",129,4,"2017-09-13",32.25
"Macklemore & Ryan Lewis",127,4,"2016-04-18",31.75
"David Guetta",125,17,"2016-04-20",7.35294117647059
"G-Eazy",125,10,"2017-09-08",12.5
"Tame Impala",125,36,"2019-09-10",3.47222222222222
"George Harrison",124,3,"2019-01-19",41.3333333333333
"ScHoolboy Q",123,8,"2018-02-09",15.375
"Trippie Redd",123,14,"2018-11-06",8.78571428571429
"ABBA",122,6,"2019-01-15",20.3333333333333
"Lorde",122,11,"2017-06-16",11.0909090909091
"Pitbull",122,9,"2016-04-18",13.5555555555556
"The Police",122,5,"2019-01-22",24.4
"Vince Staples",122,15,"2017-07-08",8.13333333333333
"Aretha Franklin",121,118,"2020-06-15",1.02542372881356
"Dreamville",116,8,"2019-07-21",14.5
"Rihanna",116,16,"2016-04-19",7.25
"2 Chainz",114,9,"2017-05-18",12.6666666666667
"Owl City",114,4,"2019-06-21",28.5
"Yung Gravy",114,25,"2018-02-19",4.56
"A.R. Rahman",112,7,"2018-12-12",16
"Bas",111,2,"2019-08-06",55.5
"Chance the Rapper",111,10,"2017-06-21",11.1
"Jay Rock",111,7,"2018-01-30",15.8571428571429
"Internet Money",110,6,"2019-11-02",18.3333333333333
"Kodak Black",110,8,"2017-09-08",13.75
"The Wanted",110,1,"2017-09-18",110
"Machine Gun Kelly",106,10,"2017-10-06",10.6
"Selena Gomez",106,4,"2017-11-29",26.5
"Big Sean",105,14,"2016-04-20",7.5
"Huncho Jack",105,11,"2018-01-26",9.54545454545454
"Black Eyed Peas",103,5,"2017-05-28",20.6
"GoldLink",103,3,"2017-09-01",34.3333333333333
"Halsey",103,4,"2017-06-14",25.75
"KYLE",102,6,"2017-03-27",17
"Hippo Campus",101,28,"2021-02-11",3.60714285714286
"Osibih",101,5,"2019-09-20",20.2
"Usher",100,10,"2017-09-05",10
"Journey",99,15,"2017-09-22",6.6
"Majid Jordan",99,4,"2017-09-08",24.75
"Veorra",99,6,"2020-09-20",16.5
"Major Lazer",97,3,"2016-04-28",32.3333333333333
"The Jackson 5",97,3,"2018-12-27",32.3333333333333
"David Bowie",96,25,"2019-01-17",3.84
"Hailee Steinfeld",96,3,"2016-04-27",32
"MGMT",96,4,"2021-02-11",24
"Weezer",95,5,"2020-01-15",19
"Dizaro",94,1,"2018-09-14",94
"Larry June",93,22,"2022-05-24",4.22727272727273
"YNW Melly",93,6,"2019-05-25",15.5
"Arizona Zervas",92,1,"2019-11-01",92
"ILOVEMAKONNEN",91,2,"2017-11-22",45.5
"CHASE B",90,2,"2020-10-13",45
"DNCE",90,2,"2018-03-20",45
"Aerosmith",87,2,"2017-10-16",43.5
"Bon Jovi",86,6,"2017-10-09",14.3333333333333
"John Newman",85,2,"2019-05-28",42.5
"Shakira",85,5,"2016-04-27",17
"Rae Sremmurd",84,7,"2018-06-02",12
"YG",83,13,"2018-02-15",6.38461538461539
"The Who",82,43,"2018-08-04",1.90697674418605
"Traffic",82,35,"2021-03-11",2.34285714285714
"Aliotta Haynes Jeremiah",81,1,"2019-01-22",81
"Skrillex",81,3,"2016-04-23",27
"Blaccmass",79,25,"2020-11-26",3.16
"Bryce Hase",79,1,"2019-11-15",79
"Taylor Swift",79,29,"2017-06-11",2.72413793103448
"Arctic Monkeys",78,13,"2018-03-20",6
"French Montana",78,3,"2017-07-03",26
"whiterosemoxie",78,24,"2020-08-02",3.25
"Ansel Elgort",77,1,"2018-01-08",77
"Saint Motel",76,3,"2021-02-15",25.3333333333333
"42 Dugg",75,7,"2021-05-21",10.7142857142857
"Briston Maroney",75,2,"2021-02-11",37.5
"Camila Cabello",75,5,"2017-08-15",15
"Daryl Hall & John Oates",75,4,"2020-05-16",18.75
"Masego",75,5,"2021-03-23",15
"The Beach Boys",75,9,"2018-11-09",8.33333333333333
"Shankar Mahadevan",74,3,"2019-04-23",24.6666666666667
"Jhene Aiko",73,5,"2018-07-16",14.6
"Tee Grizzley",72,8,"2017-05-20",9
"Jeremih",71,5,"2016-04-21",14.2
"Nicki Minaj",71,11,"2017-05-30",6.45454545454545
"24kGoldn",69,11,"2019-12-11",6.27272727272727
"MKTO",69,6,"2020-10-04",11.5
"Amine",68,9,"2017-10-23",7.55555555555556
"Martin Garrix",68,5,"2018-07-11",13.6
"Ty Dolla $ign",68,12,"2017-08-15",5.66666666666667
"Ed Sheeran",66,5,"2017-03-31",13.2
"Quinn XCII",65,11,"2018-09-20",5.90909090909091
"Tom Petty and the Heartbreakers",65,28,"2019-09-10",2.32142857142857
"Kirko Bangz",64,1,"2017-12-09",64
"Aries",63,12,"2021-03-03",5.25
"Far East Movement",63,2,"2019-05-18",31.5
"Adele",62,4,"2017-09-07",15.5
"Capital Cities",62,2,"2016-04-27",31
"Marvin Gaye",62,19,"2019-07-20",3.26315789473684
"Jonas Blue",61,2,"2016-04-28",30.5
"NLE Choppa",61,6,"2019-09-30",10.1666666666667
"Wallows",61,9,"2021-07-28",6.77777777777778
"Zedd",61,5,"2016-05-01",12.2
"6LACK",60,12,"2018-03-27",5
"The Chainsmokers",60,11,"2016-04-28",5.45454545454545
"The Temptations",60,5,"2019-03-23",12
"Crystal Fighters",59,2,"2020-03-30",29.5
"Doja Cat",58,3,"2020-02-03",19.3333333333333
"Eric Bellinger",58,3,"2016-04-21",19.3333333333333
"Panic! At The Disco",58,5,"2019-10-14",11.6
"Rich The Kid",58,4,"2018-01-18",14.5
"Estelle",56,1,"2020-11-13",56
"Kris Wu",56,1,"2017-10-25",56
"Portugal. The Man",56,3,"2017-11-02",18.6666666666667
"BabyJake",55,1,"2021-02-11",55
"Mr. Probz",55,2,"2019-05-14",27.5
"Ms. Lauryn Hill",55,4,"2022-05-12",13.75
"NF",55,8,"2017-11-12",6.875
"Absofacto",54,1,"2019-10-20",54
"Bantu",54,1,"2019-09-20",54
"Don Omar",54,1,"2021-02-21",54
"Jimi Hendrix",54,30,"2020-08-13",1.8
"boy pablo",54,4,"2019-01-23",13.5
"One Direction",53,6,"2017-06-16",8.83333333333333
"Twenty One Pilots",53,3,"2019-09-23",17.6666666666667
"Offset",52,4,"2017-11-28",13
"Gucci Mane",51,10,"2017-08-28",5.1
"Pink Floyd",51,6,"2018-08-19",8.5
"Shaan",51,2,"2019-04-23",25.5
"A$AP Ferg",50,8,"2017-11-12",6.25
"NxWorries",50,2,"2021-03-14",25
"Sheck Wes",50,1,"2018-08-17",50
"The Doobie Brothers",50,1,"2020-08-04",50
"Wham!",50,2,"2019-01-15",25
"Young Money",50,2,"2017-07-21",25
"Jaden",49,8,"2018-01-07",6.125
"ZAYN",49,2,"2017-03-27",24.5
"Flo Rida",48,9,"2016-04-23",5.33333333333333
"Jon Bellion",48,2,"2016-04-24",24
"Noisestorm",48,1,"2019-08-23",48
"Ryan Trey",48,2,"2020-01-02",24
"Trey Songz",48,3,"2017-06-09",16
"B.o.B",47,5,"2020-08-29",9.4
"Bob Seger",47,3,"2020-03-06",15.6666666666667
"The Mamas & The Papas",47,3,"2020-11-14",15.6666666666667
"The Neighbourhood",47,8,"2019-01-24",5.875
"Dua Lipa",46,4,"2020-02-18",11.5
"Iyaz",46,1,"2018-02-09",46
"M83",46,1,"2021-02-15",46
"Neon Trees",46,3,"2021-03-15",15.3333333333333
"Outkast",46,6,"2020-06-09",7.66666666666667
"Wiz Khalifa",46,9,"2016-04-20",5.11111111111111
"A$AP Mob",45,6,"2021-03-22",7.5
"Beyonce",45,6,"2017-09-22",7.5
"Giveon",45,8,"2020-11-22",5.625
"Milky Chance",45,4,"2021-06-23",11.25
"Russ",45,7,"2017-11-28",6.42857142857143
"Thin Lizzy",45,17,"2019-10-25",2.64705882352941
"benny blanco",45,2,"2019-06-21",22.5
"Daniel Caesar",44,12,"2018-08-28",3.66666666666667
"GROUPLOVE",44,6,"2021-02-11",7.33333333333333
"Galantis",44,2,"2021-02-15",22
"Mac DeMarco",44,1,"2021-07-28",44
"Van Morrison",44,1,"2021-03-14",44
"Deraj",43,1,"2018-07-31",43
"Gotye",42,1,"2020-08-17",42
"P-Lo",42,3,"2019-04-07",14
"Redbone",42,3,"2018-12-29",14
"The Lemonheads",42,2,"2019-08-30",21
"Tiesto",42,2,"2018-07-12",21
"Eurythmics",41,2,"2018-02-15",20.5
"Dayglow",40,6,"2021-02-11",6.66666666666667
"Guns N' Roses",40,2,"2017-10-15",20
"Jethro Tull",40,23,"2020-03-04",1.73913043478261
"RL Grime",40,1,"2020-04-04",40
"BROCKHAMPTON",39,8,"2018-02-20",4.875
"BabyTron",39,14,"2022-06-16",2.78571428571429
"Dominic Fike",39,9,"2020-05-02",4.33333333333333
"Macklemore",39,1,"2017-10-07",39
"NoMBe",39,2,"2019-08-05",19.5
"Twista",39,2,"2019-09-06",19.5
"Famous Dex",38,2,"2018-01-24",19
"Kiiara",38,9,"2016-04-18",4.22222222222222
"Old Man Canyon",38,1,"2018-01-07",38
"Shawn Mendes",38,8,"2017-08-12",4.75
"The Script",38,2,"2017-05-16",19
"Ben Platt",37,2,"2019-03-31",18.5
"Imagine Dragons",37,5,"2017-10-09",7.4
"Lil Yachty",37,13,"2018-03-09",2.84615384615385
"BlocBoy JB",36,1,"2018-02-25",36
"Labh Janjua",36,2,"2020-02-27",18
"Young Stoner Life",36,11,"2021-04-16",3.27272727272727
"midwxst",36,19,"2022-01-28",1.89473684210526
"2Pac",35,4,"2018-07-27",8.75
"KISS",35,10,"2019-11-24",3.5
"Pi'erre Bourne",35,7,"2021-04-02",5
"Sonu Nigam",35,5,"2019-04-24",7
"Tyga",35,8,"2018-06-21",4.375
"Ab-Soul",34,2,"2018-02-09",17
"Andre Nickatina",34,6,"2022-02-14",5.66666666666667
"Sleepy Hallow",34,3,"2021-09-17",11.3333333333333
"Vishal Dadlani",34,2,"2019-04-23",17
"CVBZ",33,1,"2021-02-11",33
"Death Cab for Cutie",33,1,"2017-07-13",33
"Glen Campbell",33,1,"2021-01-02",33
"Hoodie Allen",33,6,"2018-08-23",5.5
"Ice Cube",33,2,"2021-12-07",16.5
"JACKBOYS",33,3,"2020-01-30",11
"King Harvest",32,3,"2021-03-27",10.6666666666667
"Udit Narayan",32,2,"2019-04-23",16
"Akon",31,4,"2019-05-14",7.75
"Jonas Brothers",31,1,"2019-03-12",31
"Charlie Puth",30,3,"2017-11-12",10
"Jef Miles",30,1,"2021-02-11",30
"Olympic Ayres",30,1,"2021-10-24",30
"Sunidhi Chauhan",30,3,"2019-04-23",10
"The Growlers",30,4,"2021-12-02",7.5
"AC/DC",29,6,"2017-09-22",4.83333333333333
"Gym Class Heroes",29,2,"2017-10-07",14.5
"Phil Collins",29,2,"2018-12-11",14.5
"Swedish House Mafia",29,19,"2021-10-27",1.52631578947368
"THE SCOTTS",29,1,"2020-04-24",29
"Bebe Rexha",28,2,"2017-11-15",14
"Declan McKenna",28,1,"2021-12-02",28
"HYTYD",28,1,"2018-10-25",28
"Ski Mask The Slump God",28,3,"2018-04-20",9.33333333333333
"Chief Keef",27,7,"2017-06-19",3.85714285714286
"Foo Fighters",27,3,"2016-04-25",9
"Laffey",27,24,"2021-04-27",1.125
"Lata Mangeshkar",27,12,"2020-09-09",2.25
"Ramones",27,1,"2019-01-21",27
"Rupert Holmes",27,1,"2019-01-18",27
"Sia",27,5,"2016-04-18",5.4
"AJR",26,3,"2017-10-01",8.66666666666667
"Bruce Springsteen",26,5,"2018-05-22",5.2
"Comethazine",26,3,"2019-01-21",8.66666666666667
"Nirvana",26,4,"2018-11-26",6.5
"The Killers",26,2,"2019-09-10",13
"The Velvet Underground",26,13,"2020-01-14",2
"Van Halen",26,5,"2019-01-09",5.2
"Wings",26,4,"2019-01-28",6.5
"Yusuf / Cat Stevens",26,20,"2020-07-28",1.3
"Earth, Wind & Fire",25,3,"2019-01-28",8.33333333333333
"Neha Kakkar",25,2,"2019-04-23",12.5
"Nico & Vinz",25,1,"2016-04-27",25
"Robinson",25,1,"2021-02-11",25
"Shoreline Mafia",25,2,"2018-12-13",12.5
"Wale",25,7,"2018-04-24",3.57142857142857
"JiKay",24,1,"2020-09-20",24
"Steve Lacy",24,5,"2022-01-06",4.8
"Sub Urban",24,1,"2019-08-07",24
"Dannic",23,5,"2016-04-21",4.6
"Lil Dicky",23,3,"2017-06-19",7.66666666666667
"Mac Dre",23,11,"2022-02-14",2.09090909090909
"Snoop Dogg",23,6,"2019-04-24",3.83333333333333
"Anderson .Paak",22,5,"2019-01-14",4.4
"Ayo & Teo",22,2,"2017-07-17",11
"Benny Benassi",22,3,"2016-04-19",7.33333333333333
"Electric Guest",22,1,"2022-03-04",22
"J Balvin",22,1,"2017-08-10",22
"Joe Cocker",22,15,"2020-09-24",1.46666666666667
"Michael Jackson",22,6,"2019-01-24",3.66666666666667
"Santana",22,10,"2020-01-08",2.2
"The J. Geils Band",22,2,"2020-08-04",11
"American Authors",21,2,"2017-10-28",10.5
"Gloria Gaynor",21,1,"2019-06-21",21
"King Curtis",21,21,"2020-06-15",1
"Casiio",20,19,"2021-04-27",1.05263157894737
"Daddy Yankee",20,1,"2016-04-22",20
"Diddy",20,3,"2018-09-26",6.66666666666667
"Lana Del Rey",20,6,"2016-04-18",3.33333333333333
"Luna Shadows",20,1,"2020-09-21",20
"Sainte",20,6,"2022-01-18",3.33333333333333
"Alan Walker",19,4,"2016-04-18",4.75
"Dada Life",19,5,"2016-04-30",3.8
"JID",19,8,"2019-07-21",2.375
"R.E.M.",19,7,"2019-01-15",2.71428571428571
"Robin Bennich",19,5,"2019-09-26",3.8
"The Band",19,11,"2020-07-14",1.72727272727273
"Cordae",18,6,"2018-10-06",3
"Endor",18,2,"2021-09-05",9
"Gesaffelstein",18,1,"2019-12-20",18
"Looking Glass",18,9,"2019-08-31",2
"Louis Armstrong",18,2,"2019-04-23",9
"Ludacris",18,18,"2022-02-10",1
"Luniz",18,1,"2022-02-14",18
"No Wyld",18,1,"2016-04-25",18
"Ozzy Osbourne",18,1,"2019-01-28",18
"Ace Frehley",17,9,"2019-11-24",1.88888888888889
"Aitch",17,1,"2020-07-09",17
"Andy Grammer",17,1,"2021-06-11",17
"Bastille",17,2,"2018-02-27",8.5
"Demi Lovato",17,1,"2017-10-20",17
"Dr. Dre",17,2,"2017-09-05",8.5
"Eamonn Watt",17,4,"2019-09-26",4.25
"Gabriel Antonio",17,1,"2016-04-21",17
"Johannes Bornlof",17,4,"2019-09-26",4.25
"Lil Tjay",17,4,"2020-02-18",4.25
"Taio Cruz",17,2,"2017-09-10",8.5
"The 1975",17,9,"2019-01-24",1.88888888888889
"Tim Hardin",17,9,"2020-09-24",1.88888888888889
"a-ha",17,1,"2019-01-15",17
"will.i.am",17,1,"2019-09-20",17
"Blind Faith",16,6,"2021-02-26",2.66666666666667
"Gorillaz",16,5,"2016-04-20",3.2
"Isaiah Rashad",16,8,"2019-05-28",2
"Janis Joplin",16,10,"2020-09-24",1.6
"Jean Dawson",16,11,"2022-10-10",1.45454545454545
"K'NAAN",16,1,"2020-03-18",16
"Lil Skies",16,7,"2018-04-08",2.28571428571429
"Mike WiLL Made-It",16,6,"2018-11-16",2.66666666666667
"Olivia Rodrigo",16,2,"2021-06-01",8
"Peter Green",16,9,"2020-07-26",1.77777777777778
"Pusha T",16,5,"2016-04-25",3.2
"Smino",16,6,"2021-03-22",2.66666666666667
"Sublime",16,3,"2020-12-05",5.33333333333333
"Train",16,3,"2019-05-16",5.33333333333333
"Troye Sivan",16,4,"2016-04-22",4
"YoungBoy Never Broke Again",16,7,"2018-04-08",2.28571428571429
"Carly Rae Jepsen",15,1,"2019-08-02",15
"Country Joe & The Fish",15,14,"2020-09-27",1.07142857142857
"Crosby, Stills & Nash",15,12,"2020-10-18",1.25
"Duke Ellington",15,14,"2021-06-06",1.07142857142857
"Imran Khan",15,1,"2020-07-13",15
"Johnny Winter",15,8,"2020-10-19",1.875
"Kishore Kumar",15,6,"2020-09-12",2.5
"Moxie Raia",15,1,"2016-04-18",15
"Pharrell Williams",15,3,"2021-06-25",5
"Sean Paul",15,4,"2016-04-23",3.75
"Sly & The Family Stone",15,10,"2020-08-31",1.5
"The Animals",15,1,"2018-10-02",15
"The Outfield",15,1,"2022-07-08",15
"brillion.",15,12,"2021-04-22",1.25
"kudo",15,15,"2021-04-29",1
"Blueface",14,3,"2019-02-08",4.66666666666667
"Chad Lawson",14,3,"2019-09-26",4.66666666666667
"Charles Bolt",14,3,"2019-09-26",4.66666666666667
"Elliot Ziegler",14,3,"2019-09-26",4.66666666666667
"Jefferson Airplane",14,12,"2020-09-23",1.16666666666667
"Kid Ink",14,1,"2017-06-22",14
"Lil Pump",14,7,"2017-08-20",2
"Mozzy",14,5,"2018-02-09",2.8
"P!nk",14,3,"2017-11-12",4.66666666666667
"Radiohead",14,5,"2018-01-06",2.8
"Sha Na Na",14,10,"2020-11-01",1.4
"Souls Of Mischief",14,1,"2022-07-18",14
"Supertramp",14,11,"2020-10-18",1.27272727272727
"Sweetwater",14,8,"2020-09-24",1.75
"The Strokes",14,11,"2019-05-10",1.27272727272727
"Baby Smoove",13,7,"2022-03-25",1.85714285714286
"Blood, Sweat & Tears",13,10,"2020-10-21",1.3
"Dexys Midnight Runners",13,1,"2021-10-28",13
"Flying Lotus",13,6,"2019-02-01",2.16666666666667
"Franz Gordon",13,3,"2019-09-26",4.33333333333333
"Gavin Luke",13,3,"2019-09-26",4.33333333333333
"Hoogway",13,13,"2021-12-09",1
"Jack Johnson",13,3,"2019-05-02",4.33333333333333
"Katy Perry",13,3,"2019-03-25",4.33333333333333
"Max Richter",13,3,"2019-09-26",4.33333333333333
"Quality Control",13,6,"2018-02-28",2.16666666666667
"Rainbow",13,1,"2020-08-04",13
"Sam Smith",13,7,"2017-11-12",1.85714285714286
"The Foundations",13,1,"2019-01-15",13
"Thouxanbanfauni",13,3,"2021-04-30",4.33333333333333
"Tomasz Kraal",13,3,"2019-09-26",4.33333333333333
"X Ambassadors",13,2,"2021-03-10",6.5
"Y2K",13,1,"2019-08-23",13
"Alexandra Streliski",12,3,"2019-09-26",4
"Big Time Rush",12,6,"2021-02-11",2
"Bombs Away",12,1,"2016-04-21",12
"Canned Heat",12,5,"2020-10-01",2.4
"Central Cee",12,3,"2021-09-19",4
"DRAM",12,2,"2019-12-21",6
"Dominique Cerejo",12,1,"2020-09-08",12
"Grateful Dead",12,9,"2020-10-04",1.33333333333333
"James Arthur",12,2,"2017-10-28",6
"James Vasanthan",12,3,"2021-10-03",4
"Karin Borg",12,3,"2019-09-26",4
"Liam Payne",12,2,"2017-11-28",6
"Luh Kel",12,1,"2019-10-01",12
"M.I.A.",12,1,"2016-04-30",12
"Magic System",12,1,"2020-08-24",12
"Peking Duk",12,2,"2016-04-24",6
"Rejjie Snow",12,6,"2020-10-31",2
"Rich Brian",12,2,"2017-06-19",6
"T-Pain",12,7,"2019-03-23",1.71428571428571
"Waka Flocka Flame",12,2,"2017-11-07",6
"Adam Fincher",11,2,"2019-09-26",5.5
"Brenda Lee",11,3,"2021-11-01",3.66666666666667
"Cardi B",11,4,"2017-09-08",2.75
"Cl4pers",11,2,"2021-11-14",5.5
"Del Water Gap",11,1,"2021-07-29",11
"Ever So Blue",11,3,"2019-09-26",3.66666666666667
"Felly",11,4,"2020-10-31",2.75
"Jay Sean",11,1,"2019-04-27",11
"Jewelz",11,2,"2016-04-24",5.5
"Jhove",11,11,"2021-12-09",1
"Joan Baez",11,11,"2020-09-26",1
"Joep Beving",11,3,"2019-09-26",3.66666666666667
"Mick Jenkins",11,8,"2020-08-13",1.375
"Outasight",11,4,"2016-04-20",2.75
"Piano Novel",11,3,"2019-09-26",3.66666666666667
"Rahat Fateh Ali Khan",11,1,"2019-07-11",11
"Rascal Flatts",11,2,"2018-10-10",5.5
"San Holo",11,4,"2018-01-08",2.75
"Sigala",11,1,"2021-02-15",11
"TLC",11,1,"2020-01-24",11
"The Vamps",11,3,"2021-10-11",3.66666666666667
"Earl Sweatshirt",10,4,"2021-04-30",2.5
"Hardwell",10,5,"2016-04-21",2
"JAWNY",10,1,"2022-05-21",10
"Joji",10,5,"2019-01-23",2
"Ludwig van Beethoven",10,8,"2017-04-10",1.25
"Oneke",10,3,"2019-09-26",3.33333333333333
"P. Susheela",10,6,"2021-08-30",1.66666666666667
"Richie Havens",10,7,"2020-09-23",1.42857142857143
"Satyr",10,7,"2020-11-27",1.42857142857143
"Still Woozy",10,4,"2020-11-22",2.5
"Suraj Jagan",10,1,"2019-07-10",10
"Ten Years After",10,5,"2020-09-24",2
"The Paul Butterfield Blues Band",10,5,"2020-09-23",2
"The Turtles",10,1,"2018-07-24",10
"Warren G",10,1,"2022-02-14",10
"Wun Two",10,7,"2020-10-30",1.42857142857143
"Yes",10,7,"2020-03-16",1.42857142857143
"Young Nudy",10,5,"2019-12-21",2
"50 Cent",9,5,"2021-02-07",1.8
"A.K.",9,1,"2018-12-18",9
"Aaron Lansing",9,2,"2019-09-26",4.5
"Andy Mineo",9,1,"2019-05-05",9
"Glimlip",9,6,"2020-11-27",1.5
"Gwen Stefani",9,1,"2018-06-19",9
"Ira Wolf",9,1,"2016-04-24",9
"John Lennon",9,2,"2017-10-03",4.5
"John Sebastian",9,5,"2020-09-27",1.8
"Joni Mitchell",9,6,"2020-07-12",1.5
"Key Glock",9,4,"2021-09-14",2.25
"Kodhanda Raman",9,5,"2021-02-03",1.8
"Kylian Rebour",9,2,"2019-09-26",4.5
"Lambert",9,2,"2019-09-26",4.5
"Melanie",9,7,"2020-09-25",1.28571428571429
"Melanie Adler",9,2,"2019-09-26",4.5
"Moe",9,1,"2020-04-20",9
"Moux",9,2,"2019-09-26",4.5
"Novo Talos",9,2,"2019-09-26",4.5
"Otto A. Totland",9,2,"2019-09-26",4.5
"PnB Rock",9,6,"2019-03-25",1.5
"Poco",9,1,"2019-01-25",9
"Rhiannon Bannenberg",9,2,"2019-09-26",4.5
"Saba",9,4,"2020-12-31",2.25
"Samuel Lindon",9,2,"2019-09-26",4.5
"T-Wayne",9,1,"2022-11-02",9
"T. M. Soundararajan",9,7,"2021-02-03",1.28571428571429
"The Score",9,3,"2021-02-15",3
"Ugly God",9,1,"2018-01-11",9
"Wasuremono",9,1,"2021-12-02",9
"Young Dolph",9,3,"2021-03-23",3
"monte booker",9,2,"2020-06-01",4.5
"tsubi club",9,1,"2022-03-01",9
"8th Floor Wide",8,2,"2019-09-26",4
"Aaron May",8,4,"2020-12-06",2
"Asha Bhosle",8,4,"2020-09-18",2
"Atomic Drum Assembly",8,1,"2022-04-07",8
"Bassnectar",8,2,"2016-04-18",4
"Bela Nemeth",8,2,"2019-09-26",4
"Big Shaq",8,1,"2017-11-14",8
"Bobby Helms",8,1,"2019-01-15",8
"Cashmere Cat",8,1,"2018-01-09",8
"DVBBS",8,3,"2018-07-18",2.66666666666667
"Daigo Hanada",8,2,"2019-09-26",4
"Davorka Poljak",8,2,"2019-09-26",4
"Dean Martin",8,2,"2021-11-01",4
"DripReport",8,2,"2020-02-09",4
"Dustin O'Halloran",8,2,"2019-09-26",4
"Fifth Harmony",8,4,"2016-04-30",2
"Fivio Foreign",8,3,"2021-04-27",2.66666666666667
"Flipp Dinero",8,2,"2019-06-21",4
"Gianni",8,1,"2021-01-12",8
"HM Surf",8,7,"2021-04-22",1.14285714285714
"Hariharan",8,1,"2022-02-21",8
"KAYTRANADA",8,4,"2021-05-05",2
"Kesha",8,3,"2016-04-18",2.66666666666667
"Living Room",8,7,"2020-11-27",1.14285714285714
"MAX",8,2,"2019-01-14",4
"Mariah Carey",8,1,"2018-12-13",8
"Max Swan",8,2,"2019-09-26",4
"Melanie Laurent",8,2,"2019-09-26",4
"Mountain",8,8,"2020-10-04",1
"Odd Future",8,2,"2020-08-27",4
"Paul McCartney",8,2,"2019-01-29",4
"Peter Sandberg",8,2,"2019-09-27",4
"Piotr Miteska",8,2,"2019-09-26",4
"Shordie Shordie",8,6,"2019-12-12",1.33333333333333
"SiR",8,3,"2020-11-22",2.66666666666667
"Sigri?ur",8,2,"2019-09-26",4
"Sonder",8,1,"2021-05-31",8
"Summer Walker",8,4,"2020-11-12",2
"The Backseat Lovers",8,3,"2019-09-10",2.66666666666667
"The Black Keys",8,6,"2021-08-08",1.33333333333333
"WALK THE MOON",8,1,"2019-05-14",8
"WESTSIDE BOOGIE",8,2,"2019-02-16",4
"girl in red",8,1,"2021-09-03",8
"Amar Arshi",7,1,"2019-07-14",7
"BVG",7,6,"2021-04-22",1.16666666666667
"Bazzi",7,6,"2019-01-23",1.16666666666667
"Berner",7,2,"2019-04-12",3.5
"Blue Oyster Cult",7,1,"2019-11-24",7
"Cash Cash",7,2,"2016-04-27",3.5
"Chinmayi",7,2,"2019-04-23",3.5
"Curren$y",7,4,"2021-04-29",1.75
"Dmitry Evgrafov",7,2,"2019-09-26",3.5
"Enrique Iglesias",7,2,"2016-04-18",3.5
"Frederic Chopin",7,4,"2018-11-25",1.75
"Greta Van Fleet",7,5,"2022-10-04",1.4
"James Heather",7,2,"2019-09-26",3.5
"John Legend",7,5,"2016-04-21",1.4
"Kainbeats",7,7,"2021-04-22",1
"Kansas",7,2,"2020-05-16",3.5
"Lazlow",7,5,"2020-11-27",1.4
"Lehmber Hussainpuri",7,1,"2020-07-20",7
"Luis Fonsi",7,1,"2017-06-20",7
"Nas",7,3,"2018-12-14",2.33333333333333
"ODESZA",7,5,"2016-04-21",1.4
"Omar Apollo",7,6,"2020-11-28",1.16666666666667
"Only The Family",7,4,"2021-05-30",1.75
"Peter Cavallo",7,2,"2019-09-26",3.5
"Phlocalyst",7,7,"2020-10-31",1
"S. P. Balasubrahmanyam",7,5,"2021-08-30",1.4
"SYML",7,3,"2019-09-26",2.33333333333333
"Sada Baby",7,3,"2022-02-14",2.33333333333333
"The O'Jays",7,1,"2022-09-30",7
"Una Luna",7,2,"2019-09-26",3.5
"softy",7,7,"2021-04-22",1
"Alan Aztec",6,6,"2022-12-09",1
"Alan Jackson",6,6,"2020-03-18",1
"Andy Williams",6,2,"2021-11-01",3
"Arlo Guthrie",6,4,"2020-09-23",1.5
"BIGBABYGUCCI",6,3,"2021-04-30",2
"BJ The Chicago Kid",6,2,"2022-01-19",3
"Bad Bunny",6,4,"2018-10-15",1.5
"Bakermat",6,1,"2022-11-05",6
"Bee Gees",6,4,"2019-04-11",1.5
"Big Boi",6,1,"2018-01-29",6
"Birdman",6,3,"2019-01-08",2
"Bobby Shmurda",6,1,"2019-11-24",6
"Bruno Major",6,2,"2019-01-23",3
"Carl Stark Willgold",6,1,"2019-09-26",6
"Cream",6,3,"2020-09-22",2
"Denzel Curry",6,5,"2019-09-16",1.2
"Flume",6,5,"2016-04-18",1.2
"G. V. Prakash",6,5,"2021-10-03",1.2
"Hast",6,2,"2020-11-27",3
"Headie One",6,6,"2020-09-08",1
"Jazz At Lincoln Center Orchestra",6,5,"2021-08-27",1.2
"Junior Varsity",6,5,"2022-01-18",1.2
"Kevin Abstract",6,4,"2019-07-21",1.5
"LUCKI",6,3,"2021-03-22",2
"Lorey",6,1,"2022-01-25",6
"Lupe Fiasco",6,4,"2018-12-14",1.5
"Matthew Wilder",6,1,"2020-03-03",6
"Mike Sherm",6,2,"2019-06-10",3
"Milo Edale",6,2,"2019-09-26",3
"Mome Boys",6,6,"2022-12-09",1
"Reka Ioescu",6,2,"2019-10-07",3
"Rooga",6,1,"2021-08-27",6
"SL",6,1,"2020-10-27",6
"Sitting Duck",6,6,"2020-11-27",1
"Soulja Boy",6,3,"2017-11-24",2
"Steppenwolf",6,3,"2017-10-15",2
"Sunday Service Choir",6,5,"2019-12-25",1.2
"Takeoff",6,3,"2018-10-26",2
"Tchami",6,2,"2016-04-30",3
"The Game",6,4,"2019-05-31",1.5
"The Incredible String Band",6,4,"2020-09-29",1.5
"The Ponderosa Twins Plus One",6,1,"2022-09-29",6
"The Ronettes",6,1,"2021-11-01",6
"UB40",6,1,"2022-09-16",6
"Vani Jairam",6,4,"2021-08-30",1.5
"YBN Nahmir",6,3,"2018-04-20",2
"Zack Fox",6,1,"2021-05-31",6
"bell.avi",6,3,"2022-06-25",2
"dvsn",6,6,"2019-07-06",1
"tender spring",6,6,"2021-12-09",1
"$NOT",5,2,"2019-11-15",2.5
"070 Shake",5,2,"2021-03-22",2.5
"67",5,5,"2020-12-11",1
"88rising",5,2,"2019-08-06",2.5
"Aastha Gill",5,1,"2019-09-10",5
"Adam Counts",5,1,"2018-12-06",5
"Agni Bjark",5,1,"2019-09-26",5
"Aleksy Wysocki",5,1,"2019-09-26",5
"Alexis Ffrench",5,1,"2019-09-26",5
"Benzz",5,1,"2022-05-21",5
"Berlioz",5,1,"2019-09-26",5
"Bionda van der Ham",5,1,"2019-09-26",5
"Brooks & Dunn",5,5,"2020-03-18",1
"Bruno Bavota",5,1,"2019-09-26",5
"Charlie Key",5,1,"2019-09-26",5
"Claire Pinette",5,1,"2019-09-26",5
"Common",5,3,"2020-10-31",1.66666666666667
"Csizmazia Etel",5,2,"2019-09-26",2.5
"Darius Rucker",5,2,"2018-10-10",2.5
"Dimitri Stockl",5,1,"2019-09-26",5
"Drakeo the Ruler",5,5,"2021-05-31",1
"Dwn2earth",5,1,"2021-08-27",5
"Eik Octobre",5,1,"2019-09-26",5
"Enno Aare",5,1,"2019-09-26",5
"Eoin Henderson",5,1,"2019-09-26",5
"Eric Badanti",5,2,"2019-09-27",2.5
"Evelyn Stein",5,1,"2019-09-27",5
"FITZ",5,2,"2021-06-20",2.5
"Ferreck Dawn",5,1,"2016-04-18",5
"FloFilz",5,4,"2020-10-31",1.25
"Flovry",5,5,"2021-12-09",1
"Gabriel Olafs",5,1,"2019-09-26",5
"Harry Bergqvist",5,1,"2019-09-26",5
"Heike Blau",5,1,"2019-09-26",5
"Helene Roche",5,1,"2019-09-27",5
"Hevi",5,4,"2021-12-09",1.25
"Ilaiyaraaja",5,4,"2021-02-19",1.25
"James Blake",5,3,"2020-11-25",1.66666666666667
"Jazz Cartier",5,2,"2022-01-22",2.5
"Jean-Michel Blais",5,1,"2019-09-26",5
"Jen Libby",5,1,"2019-09-26",5
"Jensine Fleischer",5,2,"2019-09-26",2.5
"Joyner Lucas",5,3,"2019-01-11",1.66666666666667
"Koral Banko",5,1,"2019-09-26",5
"Koralle",5,4,"2020-10-31",1.25
"Kota the Friend",5,3,"2020-11-28",1.66666666666667
"Libor Kolman",5,1,"2019-09-26",5
"Lionel Scardino",5,1,"2019-09-26",5
"Lord Huron",5,2,"2021-10-08",2.5
"MAXXJAMEZ",5,5,"2022-12-09",1
"Martin Greenbaum",5,1,"2019-09-26",5
"Matt Stewart-Evans",5,1,"2019-09-26",5
"Maya Astrom",5,1,"2019-09-26",5
"Mia Strass",5,1,"2019-09-26",5
"Michael Buble",5,4,"2020-11-06",1.25
"Minik Jakobsen",5,1,"2019-09-26",5
"Nat King Cole",5,3,"2020-11-01",1.66666666666667
"Neil Diamond",5,1,"2017-10-25",5
"Nils Frahm",5,1,"2019-09-26",5
"Odin Sorlie",5,1,"2019-09-27",5
"Once Proven",5,1,"2019-09-26",5
"Otto Wahl",5,1,"2019-09-26",5
"Ozymandias",5,1,"2019-09-26",5
"PLVTINUM",5,1,"2021-02-11",5
"Paul Simon",5,2,"2020-07-15",2.5
"Pep & Rash",5,2,"2016-04-30",2.5
"Plinki Plonki",5,1,"2019-09-26",5
"Poppy Ackroyd",5,1,"2019-09-26",5
"Quavo",5,4,"2018-08-23",1.25
"REASON",5,1,"2022-06-12",5
"RJMrLA",5,1,"2021-08-25",5
"Regina Mira",5,1,"2019-09-26",5
"Rick Ross",5,3,"2017-08-02",1.66666666666667
"Ricki Westberg",5,1,"2019-09-26",5
"Robert Haigh",5,1,"2019-09-26",5
"Rosie Carney",5,1,"2019-09-26",5
"Ruel",5,2,"2020-03-03",2.5
"S N U G",5,4,"2021-04-22",1.25
"S. Janaki",5,3,"2021-08-30",1.66666666666667
"S.A. Karl",5,1,"2019-09-26",5
"Sabine Paulet",5,1,"2019-09-27",5
"Saddest Girl In The World",5,1,"2019-09-26",5
"Sage The Gemini",5,1,"2019-09-17",5
"Sarah Spring",5,2,"2019-10-07",2.5
"Sebastian Zawadzki",5,1,"2019-09-26",5
"Sophie Hutchings",5,1,"2019-09-26",5
"Stevie Wonder",5,3,"2020-02-17",1.66666666666667
"Sweet",5,3,"2016-04-20",1.66666666666667
"Tay-K",5,2,"2017-08-30",2.5
"Tears For Fears",5,1,"2019-10-22",5
"The Arcadian Wild",5,1,"2019-09-26",5
"The Kid LAROI",5,5,"2020-05-07",1
"The Little Ones",5,1,"2016-04-19",5
"Tom The Mail Man",5,4,"2020-03-08",1.25
"Tove Lo",5,2,"2018-06-22",2.5
"Valbona Ceferin",5,1,"2019-09-26",5
"Vikingur Olafsson",5,1,"2019-09-26",5
"Xavier Weeks",5,2,"2020-01-02",2.5
"Yukmouth",5,1,"2022-06-30",5
"Zmeyev",5,3,"2020-10-30",1.66666666666667
"glaive",5,3,"2022-03-16",1.66666666666667
"goosetaf",5,3,"2020-10-30",1.66666666666667
"lorleaf",5,3,"2022-04-26",1.66666666666667
"redveil",5,3,"2021-05-04",1.66666666666667
"steezy prime",5,5,"2021-12-09",1
"trxxshed",5,5,"2021-04-22",1
"AG Club",4,2,"2021-04-30",2
"Alec Benjamin",4,1,"2021-03-11",4
"Alec Windt",4,1,"2019-09-26",4
"Alida Sorby",4,1,"2019-09-26",4
"Allman Brothers Band",4,3,"2021-02-26",1.33333333333333
"Ana Olgica",4,1,"2019-09-26",4
"Annebelle Coenraad",4,1,"2019-09-26",4
"Axwell /\ Ingrosso",4,2,"2016-04-22",2
"Beta Radio",4,1,"2019-09-26",4
"Birds Of The West",4,4,"2020-11-27",1
"Black Elk",4,1,"2019-09-26",4
"Boom Clap Bachelors",4,1,"2022-09-30",4
"Busta Rhymes",4,3,"2022-02-10",1.33333333333333
"CZARFACE",4,1,"2022-06-18",4
"Carl Easterling",4,1,"2019-09-26",4
"Chocolate Puma",4,1,"2016-04-30",4
"Christopher Dicker",4,1,"2019-09-26",4
"Claude Debussy",4,3,"2018-11-25",1.33333333333333
"Cochise",4,4,"2020-05-07",1
"Crosby, Stills, Nash & Young",4,4,"2020-10-24",1
"DMX",4,1,"2016-04-30",4
"Dario Marianelli",4,1,"2019-09-26",4
"Darrell Boxman",4,1,"2019-09-26",4
"Dean Lewis",4,2,"2018-08-28",2
"Don McLean",4,1,"2019-01-28",4
"Dontcry",4,4,"2021-04-29",1
"Dreamer Isioma",4,1,"2021-12-16",4
"Duckwrth",4,1,"2019-01-23",4
"Edward Elysseus",4,1,"2019-09-26",4
"El Profesor",4,1,"2020-05-13",4
"Empire of the Sun",4,2,"2022-04-27",2
"Figgy Malone",4,1,"2019-09-26",4
"Floriscope",4,1,"2019-09-27",4
"Frank Sinatra",4,3,"2019-10-22",1.33333333333333
"Frano Stanic",4,1,"2019-09-26",4
"Gabriel Parker",4,1,"2019-09-27",4
"George Strait",4,4,"2020-03-18",1
"Gian Marco Castro",4,1,"2019-09-26",4
"Half Empty",4,1,"2020-10-30",4
"Hayden Cargile",4,1,"2019-09-26",4
"Heinz Goldblatt",4,1,"2019-09-26",4
"Henrietta Kuipers",4,1,"2019-09-27",4
"Hermann",4,1,"2019-09-26",4
"Hreidar",4,1,"2019-09-27",4
"Hugar",4,1,"2019-09-26",4
"JAY VANILLA",4,1,"2020-11-27",4
"Jacob David",4,1,"2019-09-26",4
"James Spiteri",4,1,"2019-09-26",4
"Jan Kubec",4,1,"2019-09-26",4
"Jason Mraz",4,2,"2021-11-03",2
"Jeremy Zucker",4,2,"2017-10-27",2
"Jerico",4,1,"2022-08-25",4
"Jitka Kubr",4,1,"2019-09-26",4
"John Mayer",4,2,"2019-01-16",2
"Johnny Cash",4,1,"2022-10-27",4
"Josh McCausland",4,1,"2019-09-26",4
"Jozef Gatysik",4,1,"2019-09-26",4
"Julius Aston",4,1,"2019-09-26",4
"Kelly Clarkson",4,2,"2019-07-05",2
"Khutko",4,2,"2022-04-26",2
"Kido",4,1,"2019-08-09",4
"Klaus Weissmuller",4,1,"2019-09-27",4
"Kyle McEvoy",4,1,"2019-09-27",4
"Lady Gaga",4,3,"2016-04-18",1.33333333333333
"Laetitia Dostie",4,1,"2019-09-26",4
"Laidback Luke",4,2,"2016-04-29",2
"Laura Frey",4,1,"2019-09-26",4
"Leyton Stills",4,1,"2019-09-26",4
"Lo Mimieux",4,1,"2019-09-26",4
"Lorraine J. Kovach",4,1,"2019-09-26",4
"Loud Luxury",4,1,"2020-05-13",4
"Louk",4,2,"2021-04-26",2
"Lucas Vendrai",4,1,"2019-09-26",4
"Lummus Park",4,1,"2019-09-27",4
"MadeinTYO",4,4,"2019-12-21",1
"Mae Ji-Yoon",4,1,"2019-09-26",4
"Martin Jensen",4,1,"2021-02-11",4
"Matt van Stern",4,1,"2019-09-26",4
"Mbo Mentho",4,1,"2019-09-26",4
"Meghan Trainor",4,1,"2016-04-28",4
"N.E.R.D",4,1,"2018-05-30",4
"NEIKED",4,2,"2021-11-06",2
"Nardo Wick",4,3,"2022-01-09",1.33333333333333
"Nikki Lane",4,1,"2022-09-08",4
"ODIE",4,3,"2020-11-28",1.33333333333333
"Ola Gjeilo",4,1,"2019-09-27",4
"Oskar Schuster",4,1,"2019-09-26",4
"PRETTYMUCH",4,1,"2021-02-11",4
"Peter Bradley Adams",4,1,"2019-09-27",4
"Petra Birgisdottir",4,1,"2019-09-26",4
"Psalm Trees",4,1,"2020-10-30",4
"RLLBTS",4,3,"2020-11-27",1.33333333333333
"ROSALIA",4,1,"2020-05-29",4
"Raphael Lake",4,1,"2021-03-11",4
"Rauw Alejandro",4,1,"2021-08-08",4
"Rebour",4,1,"2019-09-26",4
"Relajar",4,1,"2019-09-26",4
"Renato Luigi",4,1,"2019-09-26",4
"Riccardo Lettiere",4,1,"2019-09-26",4
"Rixton",4,2,"2022-02-17",2
"Romaine LaGrande",4,1,"2019-09-26",4
"Roosevelt",4,1,"2022-02-17",4
"Ruben Galloway",4,1,"2019-09-26",4
"SHLOK",4,4,"2019-07-26",1
"Sad Frosty",4,1,"2020-05-07",4
"Saeko Seki",4,1,"2019-09-26",4
"Salil Chowdhury",4,2,"2020-08-10",2
"Sam Hunt",4,3,"2018-10-12",1.33333333333333
"SamuW",4,3,"2022-04-25",1.33333333333333
"Santo Trevisani",4,1,"2019-09-26",4
"Sergio Diaz De Rojas",4,1,"2019-09-26",4
"Shaun Taylor McManus",4,1,"2019-09-26",4
"Sigimund",4,1,"2019-09-26",4
"Simeon Walker",4,1,"2019-09-26",4
"Slow Fade Sailors",4,1,"2019-09-26",4
"Smash Mouth",4,2,"2019-03-08",2
"Snow in April",4,1,"2019-09-26",4
"Soul Legend",4,3,"2021-06-20",1.33333333333333
"Steven Mudd",4,1,"2019-09-27",4
"Sufi Ellman",4,1,"2019-09-26",4
"Sumsar",4,1,"2019-09-26",4
"Talat Mahmood",4,2,"2020-08-10",2
"The Alchemist",4,2,"2020-12-06",2
"The Byrds",4,2,"2020-06-23",2
"The Daydream Club",4,1,"2019-09-26",4
"Third Eye Blind",4,3,"2021-08-08",1.33333333333333
"Timbaland",4,3,"2016-04-20",1.33333333333333
"Tom Merrall",4,1,"2019-09-27",4
"Tonie Green",4,1,"2019-09-26",4
"Tosh Moller",4,1,"2019-09-27",4
"Towerz",4,4,"2021-12-09",1
"Trap Geek",4,4,"2022-12-09",1
"Tristan Eckerson",4,1,"2019-09-27",4
"VIC MENSA",4,2,"2022-02-04",2
"Valve Studio Orchestra",4,4,"2022-12-09",1
"Viljar Iversen",4,1,"2019-09-26",4
"Vonn the Pariah",4,4,"2022-12-09",1
"WZRD",4,3,"2021-01-11",1.33333333333333
"Wynton Marsalis",4,4,"2021-08-27",1
"Yeah Yeah Yeahs",4,1,"2021-10-23",4
"Young the Giant",4,4,"2022-02-11",1
"Yvng Jin",4,1,"2021-03-23",4
"Zo",4,1,"2018-02-16",4
"Zoe de Vera",4,1,"2019-09-27",4
"Zwera",4,1,"2019-09-26",4
"ayokay",4,1,"2021-08-16",4
"cxlt.",4,4,"2021-12-09",1
"fourwalls",4,4,"2021-04-29",1
"gnash",4,2,"2016-04-28",2
"harvoYT",4,4,"2022-12-09",1
"paris91",4,3,"2020-11-26",1.33333333333333
"tobi lou",4,4,"2019-07-06",1
"$uicideboy$",3,3,"2018-04-20",1
"2 Bandz",3,1,"2022-01-09",3
"24Lik",3,1,"2022-07-15",3
"<U+5434><U+4EA6><U+51E1>",3,1,"2018-08-23",3
"A.CHAL",3,1,"2018-09-05",3
"Aenor",3,1,"2019-10-07",3
"Alex Newell",3,1,"2022-09-10",3
"Amit Kumar",3,1,"2020-09-20",3
"Anarbor",3,2,"2021-08-10",1.5
"Andy Gbormittah",3,1,"2019-09-26",3
"Anthony Drawn",3,2,"2020-10-30",1.5
"Arelius",3,1,"2019-10-07",3
"Aron Edwards",3,1,"2019-09-26",3
"Bad Lip Reading",3,3,"2022-12-09",1
"Becky G",3,2,"2022-02-18",1.5
"Benny Dayal",3,2,"2020-04-08",1.5
"Bert",3,3,"2021-12-09",1
"BluntOne",3,3,"2021-04-27",1
"Bobby Dreamz BIG",3,2,"2021-02-13",1.5
"Boyish",3,1,"2022-05-27",3
"Cap Kendricks",3,3,"2020-11-27",1
"Carolina Liar",3,1,"2021-09-25",3
"Cast - Family Guy",3,3,"2022-12-09",1
"Chamath Sangeeth",3,1,"2021-10-05",3
"Chris Mazuera",3,3,"2021-12-09",1
"D. Savage",3,3,"2021-04-30",1
"DJ Scheme",3,3,"2021-04-30",1
"Dimitri Vegas & Like Mike",3,1,"2021-09-25",3
"Dion",3,2,"2019-01-28",1.5
"Don Diablo",3,2,"2016-04-30",1.5
"Dr. Dog",3,1,"2022-01-20",3
"Dream",3,1,"2021-03-11",3
"Dreamer Boy",3,1,"2020-11-22",3
"E I S U",3,2,"2021-08-02",1.5
"E-40",3,2,"2018-10-06",1.5
"EVAN GIIA",3,1,"2021-02-15",3
"Ed Sheeran & Justin Bieber",3,1,"2019-06-21",3
"Eearz",3,1,"2021-09-18",3
"Elior",3,3,"2021-12-09",1
"Elvis Presley",3,3,"2019-09-25",1
"Eye Knives",3,2,"2022-01-09",1.5
"FWC Big Key",3,3,"2022-09-16",1
"Fabrizio Paterlini",3,1,"2019-09-26",3
"Faces",3,2,"2020-01-14",1.5
"Falerina Paquet",3,1,"2019-09-27",3
"Fall Out Boy",3,3,"2022-08-23",1
"Farruko",3,1,"2022-03-19",3
"Fioretta Rizzo",3,1,"2019-09-26",3
"Flight",3,1,"2020-05-07",3
"Flughand",3,2,"2020-10-30",1.5
"Franz Liszt",3,3,"2018-11-25",1
"Free Nationals",3,2,"2021-04-30",1.5
"G Mills",3,2,"2021-08-02",1.5
"Half Moon Run",3,1,"2019-09-26",3
"Harris Jayaraj",3,2,"2021-10-03",1.5
"HawkOne",3,2,"2020-11-27",1.5
"Hior Chronik",3,1,"2019-09-27",3
"Hubert Daviz",3,2,"2021-02-14",1.5
"IAMPAUL",3,3,"2021-02-13",1
"IROCC",3,1,"2020-11-27",3
"Ian Wong",3,1,"2019-10-04",3
"Jef Martens",3,1,"2019-10-07",3
"Jim Perkins",3,1,"2019-09-27",3
"Johann Sebastian Bach",3,3,"2018-11-25",1
"Jose Feliciano",3,1,"2021-11-01",3
"Jost Esser",3,1,"2022-04-26",3
"Jr. Wellness",3,3,"2020-11-27",1
"Justin Rarri",3,1,"2020-01-02",3
"KC & The Sunshine Band",3,3,"2021-09-05",1
"Kasper Schill",3,1,"2019-09-27",3
"Keak Da Sneak",3,2,"2022-02-14",1.5
"Keef Hartley Band",3,3,"2020-09-29",1
"Ken Carson",3,1,"2021-09-11",3
"Kenny Chesney",3,3,"2020-03-18",1
"Kevin Gates",3,3,"2017-06-16",1
"Konteks",3,2,"2021-02-13",1.5
"Kyle Dion",3,1,"2020-11-22",3
"LESKY",3,3,"2020-10-31",1
"Layla Frost",3,1,"2019-09-26",3
"Leon Noel",3,1,"2019-09-27",3
"Lil Durk",3,3,"2022-01-09",1
"Little Bruce",3,1,"2022-08-29",3
"Loafy Building",3,2,"2020-11-27",1.5
"Ludovico Einaudi",3,1,"2019-09-26",3
"Lukas Graham",3,1,"2020-10-03",3
"Luke Christopher",3,1,"2021-03-11",3
"Luxury Tax",3,3,"2021-03-29",1
"MO",3,1,"2019-01-16",3
"Made in M",3,3,"2020-10-30",1
"Mano",3,3,"2021-09-02",1
"Mark Chesnutt",3,3,"2020-03-18",1
"Mark Souzek",3,1,"2019-10-07",3
"Mary Shannon",3,1,"2021-02-11",3
"Max Drazen",3,1,"2022-05-27",3
"Mondo Loops",3,3,"2021-12-09",1
"Nel Brim",3,1,"2019-09-27",3
"No Fun Haus",3,1,"2022-05-02",3
"No Rome",3,2,"2021-11-17",1.5
"No Spirit",3,3,"2021-04-27",1
"Nujabes",3,3,"2020-10-31",1
"Nvmb.",3,3,"2021-04-22",1
"Oasis",3,2,"2022-04-12",1.5
"Olly Murs",3,1,"2020-01-13",3
"Ossie Woods",3,1,"2019-09-26",3
"P. B. Sreenivas",3,3,"2021-08-30",1
"Passion Pit",3,1,"2016-04-18",3
"Paul Grant",3,1,"2020-10-30",3
"Payroll Giovanni & Cardo",3,1,"2022-02-14",3
"Peter Broderick",3,1,"2019-09-27",3
"Peter Kind",3,2,"2020-10-30",1.5
"Premo Rice",3,1,"2022-05-24",3
"Purrple Cat",3,3,"2021-04-22",1
"R. D. Burman",3,3,"2021-02-19",1
"Raimu",3,3,"2021-04-29",1
"Rashid Ali",3,1,"2020-08-09",3
"Ravi Shankar",3,3,"2020-09-25",1
"Ray Charles",3,2,"2020-11-06",1.5
"Rexx Life Raj",3,2,"2022-01-21",1.5
"Rod Wave",3,2,"2022-01-09",1.5
"Royksopp",3,1,"2016-04-25",3
"Rvssian",3,1,"2020-07-09",3
"SSGKobe",3,2,"2021-09-11",1.5
"Saib",3,3,"2020-11-27",1
"Saltyyyy V",3,2,"2020-10-30",1.5
"Sam Eber",3,1,"2019-09-27",3
"Sebastian Ingrosso",3,1,"2016-04-23",3
"Shuko",3,2,"2020-11-26",1.5
"Sigrid Vass",3,1,"2019-09-27",3
"Simon & Garfunkel",3,1,"2022-08-15",3
"Skengdo",3,3,"2020-12-12",1
"Skizzy Mars",3,1,"2019-04-12",3
"Starship",3,1,"2022-11-01",3
"Stellar",3,1,"2020-11-24",3
"Stormzy",3,3,"2022-10-15",1
"Styx",3,1,"2018-07-14",3
"Summers Sons",3,3,"2020-10-31",1
"Sunil Dutt",3,3,"2020-09-12",1
"Survivor",3,1,"2017-10-25",3
"Swae Lee",3,2,"2020-11-22",1.5
"SwuM",3,2,"2020-10-30",1.5
"T.I.",3,2,"2021-10-13",1.5
"Talking Heads",3,3,"2020-08-13",1
"Team Astro",3,3,"2021-04-27",1
"The Buttertones",3,1,"2021-07-28",3
"The Clash",3,3,"2019-09-10",1
"The Countdown Kids",3,3,"2022-09-09",1
"The Cure",3,1,"2022-08-22",3
"The Lovin' Spoonful",3,1,"2019-09-25",3
"The Memphis Horns",3,3,"2020-06-15",1
"The Notorious B.I.G.",3,2,"2020-01-14",1.5
"The Zombies",3,1,"2020-08-31",3
"Thirupathi V Sathyanarayana",3,1,"2021-02-03",3
"Tommy James & The Shondells",3,1,"2022-10-02",3
"Torky Tork",3,2,"2020-10-30",1.5
"Tracy Byrd",3,3,"2020-03-18",1
"Two Door Cinema Club",3,3,"2022-02-11",1
"UMI",3,2,"2020-11-22",1.5
"UNCOMMENN",3,2,"2020-10-30",1.5
"Uamee",3,3,"2022-12-09",1
"Vampire Weekend",3,1,"2022-02-14",3
"Vistoso Bosses",3,1,"2022-10-15",3
"Vitamin String Quartet",3,3,"2017-09-05",1
"Vontmer",3,1,"2019-10-07",3
"Way Beyond",3,1,"2019-10-07",3
"Yasumu",3,3,"2020-11-27",1
"Yo Gotti",3,2,"2017-09-21",1.5
"amies",3,3,"2021-04-22",1
"dryhope",3,1,"2021-04-22",3
"easy life",3,1,"2022-05-27",3
"eugenio izzi",3,3,"2021-12-09",1
"gianni & kyle",3,2,"2020-01-13",1.5
"khoa",3,1,"2021-02-14",3
"mell-o",3,3,"2021-12-09",1
"mzpb",3,1,"2019-06-10",3
"2 Friends Remixes",2,1,"2021-06-27",2
"88GLAM",2,1,"2020-03-07",2
"A Tribe Called Quest",2,2,"2020-10-31",1
"Al Green",2,2,"2019-09-25",1
"Alfie Templeman",2,1,"2022-05-27",2
"Alicia Keys",2,2,"2017-09-05",1
"Amanda Seyfried",2,1,"2021-06-19",2
"Anti Lilly",2,2,"2020-10-31",1
"Anuradha Paudwal",2,2,"2020-08-09",1
"Asher Roth",2,2,"2020-10-31",1
"Atif Aslam",2,2,"2019-07-05",1
"BEAM",2,1,"2022-06-18",2
"BORNS",2,2,"2019-03-30",1
"Babyface",2,1,"2022-11-29",2
"Backstreet Boys",2,1,"2022-06-16",2
"Bakar",2,2,"2021-10-17",1
"Bankrol Hayden",2,2,"2020-03-07",1
"Bcalm",2,2,"2021-04-22",1
"Bdcmbio",2,2,"2022-12-09",1
"Ben E. King",2,1,"2019-01-28",2
"Benny The Butcher",2,1,"2022-10-20",2
"Benny Treskow",2,1,"2019-09-26",2
"Bhad Bhabie",2,2,"2017-10-25",1
"Bhupen Hazarika",2,2,"2021-02-19",1
"Big Willy Status",2,2,"2022-12-09",1
"Bing Crosby",2,2,"2021-11-01",1
"Blac Youngsta",2,1,"2022-02-11",2
"Bleachers",2,1,"2022-10-22",2
"Blu",2,2,"2020-10-31",1
"Blue Wednesday",2,2,"2020-11-27",1
"Bob Dylan",2,2,"2019-03-30",1
"Britney Spears",2,1,"2020-01-14",2
"Burrito Brown",2,2,"2020-11-27",1
"CB",2,2,"2020-12-12",1
"Caillou",2,1,"2018-10-31",2
"Carrie Underwood",2,2,"2019-03-30",1
"Cascada",2,1,"2020-01-14",2
"Cash Kidd",2,1,"2021-09-29",2
"Chancla",2,2,"2020-11-27",1
"Charlotte Funke",2,1,"2019-10-07",2
"Chavo",2,1,"2021-04-30",2
"Christina Perri",2,2,"2022-09-28",1
"Christy Nockels",2,2,"2022-09-28",1
"Chuck Berry",2,2,"2020-09-23",1
"Cobra Starship",2,2,"2022-03-19",1
"Conan Gray",2,2,"2019-01-23",1
"CrazyJaZz",2,2,"2022-04-26",1
"DJ Rell",2,1,"2022-09-30",2
"DJ Snake",2,2,"2016-04-18",1
"DUSTY LOCANE",2,1,"2022-06-21",2
"Danger Mouse",2,1,"2022-06-20",2
"DaniLeigh",2,1,"2020-11-22",2
"Dave",2,1,"2020-09-08",2
"David Lee Murphy",2,2,"2020-03-18",1
"David Shire",2,1,"2021-09-13",2
"Deorro",2,2,"2016-04-24",1
"Depf",2,1,"2020-11-27",2
"Desiigner",2,1,"2016-04-28",2
"Diary Of Dreams",2,1,"2018-08-07",2
"Dobie Gray",2,1,"2021-08-20",2
"Don Fizzy",2,1,"2022-04-26",2
"Drxnk",2,2,"2022-04-26",1
"Dzeko & Torres",2,1,"2016-04-27",2
"EARTHGANG",2,2,"2019-11-25",1
"Edith Piaf",2,2,"2018-04-19",1
"Elaquent",2,2,"2020-10-31",1
"Ella Mai",2,2,"2020-11-22",1
"Elujay",2,1,"2022-02-14",2
"Example",2,1,"2016-05-01",2
"FKJ",2,1,"2020-11-28",2
"Fat Joe",2,1,"2020-11-29",2
"Faygogotcash",2,1,"2020-03-05",2
"Fed Nance",2,2,"2020-11-27",1
"Florida Georgia Line",2,2,"2017-10-03",1
"Funtahen",2,1,"2022-06-13",2
"G R I Z",2,1,"2020-11-27",2
"GAMPER & DADONI",2,1,"2021-10-23",2
"GRANDVIEW",2,1,"2022-01-25",2
"Gallery Provence",2,1,"2022-06-17",2
"Gene Autry",2,1,"2021-11-01",2
"Genra",2,2,"2020-10-31",1
"Glass Animals",2,2,"2019-12-11",1
"Good Guys Go to Heaven",2,1,"2022-04-25",2
"Goodnyght",2,2,"2021-12-09",1
"Grady",2,1,"2022-10-27",2
"Grand Puba",2,2,"2020-10-31",1
"H.1",2,2,"2021-12-09",1
"HAIM",2,2,"2016-04-29",1
"Handbook",2,2,"2020-10-31",1
"Harlem Spartans",2,2,"2020-12-12",1
"Her's",2,2,"2022-02-11",1
"Higher Brothers",2,2,"2018-04-20",1
"Hoffy Beats",2,1,"2022-04-26",2
"HoodRich Pablo Juan",2,1,"2022-03-27",2
"Hozier",2,2,"2021-08-08",1
"Huey Daze",2,1,"2020-11-27",2
"Hulk Hodn",2,1,"2020-11-27",2
"ICYTWAT",2,1,"2022-07-23",2
"IDK",2,2,"2021-09-11",1
"Idealism",2,1,"2020-10-30",2
"Idina Menzel",2,2,"2021-11-01",1
"Iris Temple",2,1,"2020-11-22",2
"Ivan Ave",2,2,"2020-10-31",1
"J.O.B",2,1,"2022-01-18",2
"JPEGMAFIA",2,2,"2020-08-24",1
"Jatin-Lalit",2,2,"2021-02-20",1
"Jay Safari",2,1,"2022-12-06",2
"Jay Worthy",2,2,"2022-05-24",1
"Jazzy James",2,2,"2020-11-27",1
"Jerry Goldsmith",2,1,"2020-11-28",2
"Jill Scott",2,2,"2020-06-15",1
"Jimmy Buffett",2,1,"2020-07-30",2
"Jmbeatz",2,2,"2022-12-09",1
"Jo Dee Messina",2,2,"2020-03-18",1
"John Coltrane",2,2,"2021-02-02",1
"John Michael Montgomery",2,2,"2020-03-18",1
"Jordy Dazz",2,2,"2016-04-21",1
"Joseph Caleb",2,1,"2019-10-07",2
"K. J. Yesudas",2,1,"2021-08-30",2
"KLIM",2,1,"2022-04-26",2
"KSI",2,2,"2021-05-30",1
"Kanisan",2,2,"2020-11-27",1
"Katashi Kaito",2,2,"2020-10-30",1
"Kehlani",2,2,"2016-04-28",1
"Kenny Loggins",2,2,"2019-01-28",1
"Kevoe West",2,2,"2020-11-27",1
"Knife Party",2,1,"2016-04-23",2
"Kodaline",2,1,"2021-03-11",2
"Kool & The Gang",2,2,"2022-10-23",1
"Kurt Stewart",2,2,"2021-12-09",1
"LBL",2,1,"2020-10-30",2
"LEGAXY",2,1,"2020-09-25",2
"LMFAO",2,2,"2022-01-30",1
"Large Professor",2,2,"2020-10-31",1
"Legend Yae",2,1,"2022-07-17",2
"Leo Sayer",2,1,"2019-09-25",2
"Leslie West",2,2,"2020-10-04",1
"Lichtboje",2,1,"2022-04-26",2
"Lil Gnar",2,2,"2020-05-07",1
"Lil Keed",2,2,"2021-01-16",1
"Lil Xan",2,2,"2017-11-13",1
"Lilskrt4k",2,1,"2021-05-28",2
"Lofi Fruits Music",2,1,"2021-02-11",2
"London On Da Track",2,1,"2018-06-17",2
"Loop Schrauber",2,2,"2021-02-14",1
"Loski",2,2,"2020-12-11",1
"Lost Kids",2,2,"2020-11-22",1
"Love",2,1,"2020-07-14",2
"Loverboy",2,2,"2019-11-25",1
"Loyle Carner",2,2,"2020-10-31",1
"Maluma",2,1,"2021-03-04",2
"Mario Judah",2,1,"2021-03-21",2
"Martin Solveig",2,1,"2021-10-27",2
"Martina McBride",2,2,"2020-03-18",1
"Mary Chapin Carpenter",2,2,"2020-03-18",1
"Max I Million",2,1,"2020-10-30",2
"Maxo Kream",2,2,"2019-07-27",1
"Mike Dimes",2,2,"2022-03-01",1
"Miley Cyrus",2,2,"2016-04-19",1
"Mistah F.A.B.",2,1,"2022-09-02",2
"Moderator",2,2,"2022-04-26",1
"Modernmadeit",2,2,"2022-12-09",1
"Molchat Doma",2,1,"2021-03-09",2
"Moneybagg Yo",2,2,"2021-05-30",1
"Montana of 300",2,1,"2022-06-16",2
"Moon Taxi",2,1,"2021-03-11",2
"Morgan Wallen",2,1,"2021-02-11",2
"Mr. Green",2,1,"2022-02-10",2
"Mvdk",2,1,"2020-11-27",2
"Nafe Smallz",2,2,"2020-12-12",1
"Nana",2,2,"2020-12-25",1
"Nebu Kiniza",2,1,"2019-08-22",2
"Nena",2,2,"2019-10-10",1
"New Order",2,1,"2021-07-28",2
"Nia Sultana",2,1,"2022-06-12",2
"Nickelback",2,2,"2022-09-30",1
"Nicky Jam",2,1,"2016-04-18",2
"Nicky Romero",2,1,"2016-04-30",2
"Nipsey Hussle",2,1,"2020-08-25",2
"Oatmello",2,1,"2022-04-26",2
"Onlybino!",2,1,"2022-03-16",2
"Otis Neon",2,1,"2020-10-30",2
"Otis Ubaka",2,2,"2020-11-27",1
"P. Jayachandran",2,2,"2021-08-30",1
"PSY",2,1,"2022-01-29",2
"Pachakuti",2,1,"2020-11-27",2
"Pandrezz",2,1,"2020-11-27",2
"Passenger",2,1,"2021-03-10",2
"Paul Rosenberg",2,1,"2018-08-31",2
"Penn Masala",2,1,"2018-11-15",2
"Pete Rock",2,2,"2020-10-31",1
"PhatCap!",2,1,"2021-11-09",2
"Phigross",2,1,"2022-08-10",2
"Philadelphia Orchestra",2,2,"2021-08-28",1
"Phillip Phillips",2,1,"2021-03-10",2
"Pierce Fulton",2,2,"2016-04-18",1
"Plain White T's",2,1,"2022-10-22",2
"Plusma",2,1,"2020-11-27",2
"Preme",2,1,"2019-01-10",2
"Quinn MacKenzie",2,1,"2019-10-07",2
"Quinte",2,1,"2020-11-27",2
"RINI",2,1,"2020-11-23",2
"RIZ LA VIE",2,2,"2020-11-28",1
"RTB MB",2,1,"2022-07-07",2
"Ray Hutchcraft",2,1,"2019-10-07",2
"Reba McEntire",2,2,"2020-03-18",1
"Ricegum",2,2,"2017-08-31",1
"Rich Homie Quan",2,2,"2020-05-10",1
"Richie Rych",2,2,"2021-02-13",1
"Rick Astley",2,1,"2018-02-08",2
"Ricky Martin",2,1,"2022-09-09",2
"Rio Da Yung Og",2,2,"2022-02-14",1
"Riovaz",2,1,"2022-01-18",2
"Rob $tone",2,1,"2018-04-20",2
"Rudimental",2,2,"2021-03-10",1
"Rugby Wild",2,2,"2022-09-01",1
"Ryan Beatty",2,1,"2020-11-28",2
"S. D. Burman",2,2,"2021-01-28",1
"SAINt JHN",2,2,"2021-09-25",1
"SLXWCLXP",2,1,"2020-12-10",2
"SP-Mato",2,1,"2022-04-26",2
"Sade",2,2,"2022-09-28",1
"Samm Henshaw",2,2,"2022-08-10",1
"Sammy TQ",2,1,"2020-11-27",2
"Sara Bareilles",2,2,"2022-09-28",1
"Saweetie",2,2,"2018-11-05",1
"Screen Jazzmaster",2,2,"2020-11-27",1
"ScrewStache",2,1,"2022-08-03",2
"Seb Zillner",2,1,"2022-04-26",2
"Sebastian Kamae",2,2,"2022-04-26",1
"Sigurd Barrett",2,1,"2022-03-01",2
"SleazyWorld Go",2,2,"2022-12-07",1
"Sleeping At Last",2,2,"2021-12-07",1
"Slum Village",2,2,"2020-10-31",1
"Spencer Hunt",2,2,"2021-12-09",1
"Srinivas",2,1,"2019-07-05",2
"Steely Dan",2,2,"2020-08-04",1
"Steve Aoki",2,1,"2022-03-19",2
"Strehlow",2,1,"2022-04-26",2
"Sub Focus",2,1,"2016-04-29",2
"Sukhwinder Singh",2,1,"2019-07-29",2
"Supergrass",2,1,"2022-03-01",2
"Syrup",2,2,"2020-10-31",1
"Ta-ku",2,1,"2020-10-30",2
"Tabi",2,1,"2022-04-26",2
"Tank",2,1,"2021-05-23",2
"Tear Da Club Up Thugs",2,1,"2018-05-01",2
"Teyana Taylor",2,2,"2018-08-22",1
"The All-American Rejects",2,2,"2022-10-08",1
"The All-American Singers",2,1,"2020-11-01",2
"The Barden Bellas",2,2,"2021-06-19",1
"The Carters",2,2,"2018-07-12",1
"The Grass Roots",2,2,"2019-01-29",1
"The Mouse Outfit",2,2,"2020-10-31",1
"The Roots",2,2,"2020-10-31",1
"The Silhouettes Project",2,2,"2020-10-31",1
"The Temper Trap",2,1,"2016-04-24",2
"The Tides",2,1,"2019-09-26",2
"The Very Nice Interesting Singer Man",2,2,"2017-07-25",1
"The Vines",2,2,"2022-04-15",1
"The Wombats",2,2,"2022-02-11",1
"The-Dream",2,2,"2018-01-06",1
"Theophilus London",2,1,"2022-08-08",2
"Toby Schay",2,1,"2020-10-30",2
"Tom Doolie",2,2,"2020-11-26",1
"Tom Walker",2,2,"2017-10-12",1
"Tony Bennett",2,1,"2022-09-09",2
"Trap Remix Guys",2,2,"2022-12-09",1
"Trdee",2,2,"2022-09-16",1
"Trisha Mohring",2,1,"2022-01-18",2
"Trisha Yearwood",2,2,"2020-03-18",1
"Twotrees",2,1,"2020-11-27",2
"Ty Herndon",2,2,"2020-03-18",1
"TyLuv.",2,2,"2021-04-29",1
"UFO",2,2,"2020-02-15",1
"Undagawds",2,2,"2020-10-31",1
"V Jackk",2,1,"2020-09-16",2
"V.I.C.",2,1,"2022-10-23",2
"Verzache",2,1,"2022-10-28",2
"Vicente Fernandez",2,2,"2019-05-31",1
"Village People",2,2,"2020-11-06",1
"Vince Guaraldi Trio",2,2,"2021-11-01",1
"Westside Gunn",2,2,"2020-10-31",1
"Wheels on the Bus",2,2,"2022-09-09",1
"White Town",2,1,"2022-08-03",2
"Wyl",2,1,"2020-10-30",2
"Wynonna",2,2,"2020-03-18",1
"Yebba",2,1,"2022-07-15",2
"Young T & Bugsey",2,2,"2020-12-12",1
"Yung Bans",2,2,"2021-04-30",1
"Yung Hurn",2,1,"2020-03-08",2
"bbno$",2,2,"2018-04-20",1
"bill clesen",2,1,"2022-01-18",2
"blink-182",2,1,"2016-05-01",2
"flamingo zamperoni",2,1,"2022-04-26",2
"golden era",2,1,"2021-03-20",2
"halfpastseven",2,2,"2021-02-13",1
"iLOVEFRiDAY",2,1,"2019-01-17",2
"ilyTOMMY",2,1,"2020-03-08",2
"less.people",2,2,"2021-04-22",1
"lisnn",2,1,"2020-11-27",2
"loland",2,2,"2020-11-27",1
"papichuloteej",2,1,"2022-01-18",2
"pettersson",2,1,"2020-11-27",2
"sumishii",2,2,"2020-11-27",1
"*67",1,1,"2022-09-01",1
"*NSYNC",1,1,"2021-11-01",1
"03 Greedo",1,1,"2020-03-07",1
"10kkev",1,1,"2022-09-16",1
"147 CalBoy",1,1,"2019-01-06",1
"2015 Dynamo Hitz",1,1,"2017-09-30",1
"2nd Exit",1,1,"2020-10-31",1
"30",1,1,"2020-12-12",1
"38 Special",1,1,"2019-11-25",1
"3OH!3",1,1,"2020-08-29",1
"4LGANG G5iVE",1,1,"2022-01-09",1
"5 Seconds of Summer",1,1,"2018-07-12",1
"7apes",1,1,"2020-10-30",1
"80purppp",1,1,"2022-03-25",1
"83 Babies",1,1,"2019-08-09",1
"88-Keys",1,1,"2019-04-01",1
"9lokknine",1,1,"2019-11-15",1
"<U+30BB><U+30AD><U+30C8><U+30AA>.<U+30B7><U+30B2><U+30AA>",1,1,"2021-03-03",1
"A Great Big World",1,1,"2022-09-28",1
"A$AP NAST",1,1,"2021-04-29",1
"A. M. Rajah",1,1,"2021-09-09",1
"AK420",1,1,"2021-02-14",1
"Aad",1,1,"2017-09-26",1
"Ace Hood",1,1,"2022-07-26",1
"Action Pack",1,1,"2020-03-07",1
"Adam Hicks",1,1,"2021-06-19",1
"Adam Lambert",1,1,"2021-03-10",1
"Addict.",1,1,"2022-04-12",1
"Adnan Sami",1,1,"2020-09-13",1
"Afroman",1,1,"2022-09-30",1
"Agatino Romero",1,1,"2020-09-25",1
"Ahmad Jamal Trio",1,1,"2021-06-06",1
"Air Supply",1,1,"2020-05-16",1
"Ajay-Atul",1,1,"2022-04-13",1
"Ajit Singh",1,1,"2021-02-19",1
"Ajmw",1,1,"2021-04-27",1
"Alessia Cara",1,1,"2021-02-28",1
"Alesso",1,1,"2022-06-18",1
"Alexander Scriabin",1,1,"2021-02-24",1
"Alextbh",1,1,"2020-11-28",1
"Alice Deejay",1,1,"2022-04-28",1
"Alifia, Sonu Kakkar, Bob",1,1,"2021-03-05",1
"Alison Krauss",1,1,"2022-09-28",1
"Allem Iversom",1,1,"2021-12-09",1
"Aloe Blacc",1,1,"2022-10-17",1
"Amaal Mallik",1,1,"2019-07-15",1
"Ambjaay",1,1,"2019-12-21",1
"Ambush Buzzworl",1,1,"2020-12-12",1
"America",1,1,"2021-12-26",1
"American Dad! Cast",1,1,"2022-12-09",1
"American Paratrooper",1,1,"2022-12-09",1
"Amerie",1,1,"2022-08-04",1
"Amy-Leigh Williamson",1,1,"2019-10-17",1
"Angele",1,1,"2019-07-06",1
"Angry Children",1,1,"2022-12-09",1
"AnimationStation",1,1,"2022-12-09",1
"Ankitha",1,1,"2018-06-08",1
"Annamayya Keerthana",1,1,"2021-09-02",1
"Anti Lilly & Phoniks",1,1,"2020-10-31",1
"Antologie",1,1,"2019-09-26",1
"Antonio Giacca",1,1,"2016-05-01",1
"Arijit Singh",1,1,"2019-07-15",1
"Aron Risa",1,1,"2019-10-17",1
"Arunmozhi",1,1,"2021-09-10",1
"Asdek",1,1,"2020-09-25",1
"Aso",1,1,"2021-12-09",1
"Atlanta Rhythm Section",1,1,"2021-03-27",1
"Augustine",1,1,"2021-12-02",1
"Ausar",1,1,"2022-09-01",1
"Awon",1,1,"2020-10-31",1
"Axian",1,1,"2021-02-17",1
"Ayzon",1,1,"2021-02-14",1
"B Lou",1,1,"2018-02-28",1
"B-Side",1,1,"2020-10-30",1
"B<U+01B1>BBLE",1,1,"2022-04-26",1
"BANNERS",1,1,"2021-03-11",1
"BRONSON",1,1,"2022-04-12",1
"BTS",1,1,"2017-10-09",1
"Baby Kata",1,1,"2022-12-09",1
"Baby Weight",1,1,"2022-05-27",1
"Bachman-Turner Overdrive",1,1,"2020-07-30",1
"Bad History",1,1,"2022-12-09",1
"Badfinger",1,1,"2021-02-26",1
"Badshah",1,1,"2019-07-10",1
"Baka Not Nice",1,1,"2018-12-19",1
"Barlito",1,1,"2020-05-19",1
"Baskem",1,1,"2022-01-25",1
"BassBears",1,1,"2020-09-25",1
"Battman Carter",1,1,"2022-12-09",1
"Beatchild",1,1,"2021-02-14",1
"Becky Hill",1,1,"2022-09-03",1
"Bedroom",1,1,"2022-09-30",1
"Bei Ru",1,1,"2020-10-31",1
"Bellecour",1,1,"2020-09-25",1
"Ben Beal",1,1,"2020-10-31",1
"Ben Rector",1,1,"2022-09-28",1
"Benny Camaro",1,1,"2020-09-25",1
"BermudaCal",1,1,"2022-09-01",1
"Bernard Herrmann",1,1,"2019-07-29",1
"Bhavatharini",1,1,"2021-08-30",1
"Big Hooch",1,1,"2022-08-01",1
"Big Memer",1,1,"2022-12-09",1
"Big Pun",1,1,"2022-07-02",1
"Big Thief",1,1,"2022-08-13",1
"Bill & Pecker",1,1,"2021-02-14",1
"Bill Evans",1,1,"2021-11-01",1
"Bill Withers",1,1,"2022-02-21",1
"Bill adlib",1,1,"2020-11-27",1
"Billy Marchiafava",1,1,"2020-05-07",1
"Billy Ray Cyrus",1,1,"2020-03-18",1
"Billy Sick",1,1,"2022-12-09",1
"Billy Squier",1,1,"2019-11-25",1
"Biskwiq",1,1,"2020-06-19",1
"Blac Bamboo",1,1,"2022-04-25",1
"Black Star",1,1,"2020-10-31",1
"Blackstreet",1,1,"2022-08-04",1
"Blasterjaxx",1,1,"2022-09-17",1
"Blu & Exile",1,1,"2020-10-31",1
"Blue Swede",1,1,"2017-05-26",1
"Blues Image",1,1,"2021-03-27",1
"Blur",1,1,"2022-01-21",1
"Blxst",1,1,"2022-01-23",1
"Bo Burnham",1,1,"2018-04-15",1
"Board-Man",1,1,"2020-11-27",1
"Bob Marley & The Wailers",1,1,"2022-10-23",1
"Bobbi Humphrey",1,1,"2020-12-17",1
"Bobby Darin",1,1,"2022-02-20",1
"Bobby Rydell",1,1,"2022-10-08",1
"Boney M.",1,1,"2021-09-05",1
"Bonner's Soup",1,1,"2022-02-11",1
"Booman Forever",1,1,"2022-09-01",1
"Borgeous",1,1,"2016-04-27",1
"Bow Wow",1,1,"2021-07-16",1
"Boyz II Men",1,1,"2022-09-30",1
"Brett Eldredge",1,1,"2018-12-04",1
"Brick + Mortar",1,1,"2022-04-15",1
"Broken Bells",1,1,"2022-02-11",1
"Brothers Osborne",1,1,"2018-10-10",1
"Brous One",1,1,"2021-02-13",1
"Bubbles & The Shit Rockers",1,1,"2022-12-09",1
"Bugzy Malone",1,1,"2022-04-17",1
"Burl Ives",1,1,"2022-10-01",1
"Burrito Eats",1,1,"2022-04-25",1
"Butcher Brown",1,1,"2021-06-06",1
"C1",1,1,"2020-12-12",1
"CAZZETTE",1,1,"2016-04-22",1
"CHAiN",1,1,"2022-12-09",1
"CHEERIO KING",1,1,"2022-12-09",1
"CJ",1,1,"2020-10-22",1
"CNCO",1,1,"2017-11-12",1
"COIN",1,1,"2021-02-11",1
"CRAY",1,1,"2020-09-20",1
"Cab'Ral",1,1,"2022-09-01",1
"Camille Saint-Saens",1,1,"2021-07-26",1
"Capital Bra",1,1,"2020-05-13",1
"Carl Perkins",1,1,"2020-09-23",1
"Carneyval",1,1,"2022-09-01",1
"Cautious Clay",1,1,"2020-11-28",1
"Cazzu",1,1,"2022-06-05",1
"CeeLo Green",1,1,"2022-12-08",1
"Cha Cha",1,1,"2022-12-09",1
"Chanel West Coast",1,1,"2017-07-13",1
"Charles Hamilton",1,1,"2022-03-18",1
"Charli XCX",1,1,"2022-07-29",1
"Chase Martin",1,1,"2022-09-01",1
"Cheap Trick",1,1,"2020-02-14",1
"Cherub",1,1,"2021-06-16",1
"Chicago",1,1,"2020-08-04",1
"Chiccote's Beats",1,1,"2021-12-09",1
"Chill Beats Music",1,1,"2020-10-30",1
"Chloe George",1,1,"2022-11-03",1
"Chloe x Halle",1,1,"2022-02-10",1
"Choker",1,1,"2020-11-28",1
"Chris Wilson",1,1,"2022-12-09",1
"Chubby Checker",1,1,"2020-09-23",1
"Chuck Sutton",1,1,"2022-01-18",1
"Ciara",1,1,"2022-09-28",1
"Ciscero",1,1,"2020-10-31",1
"City Girls",1,1,"2022-01-22",1
"Clap Cotton",1,1,"2021-06-20",1
"Clay Walker",1,1,"2020-03-18",1
"Clint Black",1,1,"2020-03-18",1
"CloZee",1,1,"2022-10-10",1
"Code Red",1,1,"2020-09-25",1
"Cold War Kids",1,1,"2022-02-11",1
"Cole-Man",1,1,"2020-09-25",1
"Confederate Railroad",1,1,"2020-03-18",1
"Context Sensitive",1,1,"2022-12-09",1
"Cookin Soul",1,1,"2021-07-27",1
"Coops",1,1,"2020-10-31",1
"Corey St.Rose",1,1,"2022-09-01",1
"Corn",1,1,"2022-02-14",1
"Counting Crows",1,1,"2022-06-23",1
"Country Joe McDonald",1,1,"2020-09-27",1
"Cozz",1,1,"2020-08-25",1
"Crash Kings",1,1,"2022-04-15",1
"Crazy Frog",1,1,"2022-11-15",1
"Crispy Concords",1,1,"2022-12-09",1
"Cub Sport",1,1,"2019-01-23",1
"Cuco",1,1,"2019-11-25",1
"Cyranek",1,1,"2022-12-09",1
"Cyrax",1,1,"2020-02-26",1
"DAO",1,1,"2020-11-27",1
"DJ Boss Man",1,1,"2017-05-16",1
"DJ ESCO",1,1,"2022-01-23",1
"DJ FGT",1,1,"2022-12-09",1
"DJ Purpberry",1,1,"2020-02-26",1
"DLJ",1,1,"2021-12-09",1
"DRWN.",1,1,"2022-04-26",1
"DWLLRS",1,1,"2022-05-27",1
"DYVN",1,1,"2022-04-26",1
"Da Vinci's Notebook",1,1,"2022-12-09",1
"DaBoii",1,1,"2018-10-06",1
"Dame D.O.L.L.A",1,1,"2018-02-19",1
"Dan Bull",1,1,"2022-12-09",1
"Daniel Barenboim",1,1,"2018-11-25",1
"Daniel Powter",1,1,"2022-12-20",1
"Dave East",1,1,"2022-10-28",1
"Dave Wol",1,1,"2022-12-09",1
"David Ball",1,1,"2020-03-18",1
"David Kushner",1,1,"2022-05-01",1
"DavidTheTragic",1,1,"2022-09-01",1
"Davido",1,1,"2022-06-22",1
"Dbangz",1,1,"2020-05-07",1
"Dee Watkins",1,1,"2021-04-29",1
"Deeb",1,1,"2020-11-27",1
"DelMar",1,1,"2022-09-01",1
"Denyah",1,1,"2020-11-28",1
"Der Soldatenchor und das grosse Blasorchester des Kameradschaftsbundes Frankfurt",1,1,"2022-12-09",1
"Der Witz",1,1,"2022-12-09",1
"Derek & The Dominos",1,1,"2021-04-17",1
"Dev Negi",1,1,"2021-11-19",1
"Devaloop",1,1,"2020-11-27",1
"Diana Ross",1,1,"2022-09-28",1
"Dido",1,1,"2017-12-14",1
"DigBar",1,1,"2022-12-09",1
"Digga D",1,1,"2020-12-12",1
"Diggy",1,1,"2017-09-10",1
"Dijon",1,1,"2020-11-28",1
"Dimension Latina",1,1,"2022-12-28",1
"Dirty Ike",1,1,"2020-10-31",1
"Divine ScienZe",1,1,"2020-10-31",1
"Dog Fashion Disco",1,1,"2022-12-09",1
"Don Philippe",1,1,"2022-04-26",1
"Doug Stone",1,1,"2020-03-18",1
"Douibyorthst",1,1,"2022-12-09",1
"Downtown Owl",1,1,"2020-11-27",1
"Dpsht",1,1,"2022-04-25",1
"Dr. Doofenshmirtz",1,1,"2022-12-09",1
"Dr. Dundiff",1,1,"2022-04-26",1
"DragonForce",1,1,"2018-06-02",1
"Drama Hights",1,1,"2020-11-27",1
"Dre nello",1,1,"2022-09-01",1
"Dre'es",1,1,"2020-11-28",1
"Dream Easy Collective",1,1,"2020-10-31",1
"Dreamgirl",1,1,"2021-01-28",1
"Dro Kenji",1,1,"2022-03-16",1
"Droop-E",1,1,"2022-04-21",1
"Dropkick Murphys",1,1,"2021-08-29",1
"Duan Wasi",1,1,"2022-04-26",1
"Duke Dumont",1,1,"2016-05-01",1
"Duki",1,1,"2019-02-06",1
"Dustin Lenji",1,1,"2016-04-18",1
"Dweeb",1,1,"2021-12-09",1
"Dylan Sinclair",1,1,"2021-05-31",1
"EAST AV3",1,1,"2019-09-26",1
"EMAMKAY",1,1,"2020-10-31",1
"ENRA",1,1,"2021-04-29",1
"EST Gee",1,1,"2021-08-12",1
"Eagle-Eye Cherry",1,1,"2019-03-30",1
"Eddie Cochran",1,1,"2020-09-23",1
"Elephante",1,1,"2016-04-29",1
"Elijah Lee",1,1,"2021-12-09",1
"Ella Eyre",1,1,"2017-11-11",1
"Elsei",1,1,"2022-04-25",1
"Emanuel Fremont",1,1,"2019-10-17",1
"Enluv",1,1,"2021-06-20",1
"Eric Paslay",1,1,"2017-09-30",1
"Eric Reprid",1,1,"2019-12-14",1
"FEDUK",1,1,"2021-12-11",1
"FELIVAND",1,1,"2022-11-06",1
"FKA twigs",1,1,"2022-06-21",1
"FRANZ",1,1,"2020-11-27",1
"FRENSHIP",1,1,"2022-06-24",1
"Faith Hill",1,1,"2021-11-01",1
"Fedde Le Grand",1,1,"2016-04-23",1
"Fergie",1,1,"2022-02-18",1
"Filter",1,1,"2016-04-28",1
"Fin",1,1,"2022-04-25",1
"Flora Vida",1,1,"2021-07-27",1
"Flosstradamus",1,1,"2016-04-30",1
"Flux Pavilion",1,1,"2021-11-17",1
"Flyingkitty",1,1,"2022-12-09",1
"Flynn",1,1,"2020-11-27",1
"Foreigner",1,1,"2022-02-28",1
"Fountains Of Wayne",1,1,"2022-01-21",1
"Frankie Valli",1,1,"2020-06-13",1
"Frankie Valli & The Four Seasons",1,1,"2022-02-20",1
"Franky Rizardo",1,1,"2016-04-18",1
"Freddie Dredd",1,1,"2020-01-21",1
"Freddie Gibbs",1,1,"2022-01-25",1
"Fredfades",1,1,"2020-10-31",1
"Fredo",1,1,"2020-12-12",1
"Fugees",1,1,"2022-02-10",1
"Fujitsu",1,1,"2020-11-27",1
"Funkonami",1,1,"2020-11-27",1
"G Perico",1,1,"2018-10-06",1
"G2 Genesis",1,1,"2022-10-29",1
"GEEGEE",1,1,"2020-11-27",1
"GR?Y",1,1,"2020-10-31",1
"Gary Numan",1,1,"2021-01-30",1
"Gas Lab",1,1,"2022-04-25",1
"Gaullin",1,1,"2020-05-13",1
"Gayla Peevey",1,1,"2021-11-01",1
"Gene Vincent",1,1,"2020-09-23",1
"George Frideric Handel",1,1,"2021-08-27",1
"George Gershwin",1,1,"2021-02-24",1
"George Michael",1,1,"2020-06-15",1
"Geronimus Brothers",1,1,"2020-10-31",1
"Gesmis",1,1,"2020-11-27",1
"Ghantasala",1,1,"2021-09-02",1
"Ghost Town DJs",1,1,"2022-09-30",1
"Gianna Nannini",1,1,"2022-05-21",1
"Ginuwine",1,1,"2022-02-10",1
"Glades",1,1,"2018-02-06",1
"Gnarls Barkley",1,1,"2022-12-20",1
"Going Deeper",1,1,"2016-04-21",1
"Goldenninjah",1,1,"2022-04-26",1
"GoodMeme",1,1,"2022-12-09",1
"Goody Grace",1,1,"2019-01-23",1
"Gooseworx",1,1,"2022-12-09",1
"Gordo Enredadera",1,1,"2022-12-09",1
"Grandmaster Tilden",1,1,"2022-04-25",1
"Gregor Salto",1,1,"2016-04-29",1
"Grover Washington, Jr.",1,1,"2022-10-23",1
"Guapdad 4000",1,1,"2020-04-09",1
"Gustav Mahler",1,1,"2021-02-24",1
"Gustavo Santaolalla",1,1,"2019-07-21",1
"Guustavv",1,1,"2022-04-25",1
"Gyurto",1,1,"2022-12-09",1
"H.E.R.",1,1,"2021-09-17",1
"Hakan Hellstrom",1,1,"2022-05-21",1
"HansSOLO",1,1,"2020-10-31",1
"Hard Bass School",1,1,"2018-08-17",1
"Harddope",1,1,"2020-09-25",1
"Harry Belafonte",1,1,"2022-01-21",1
"Harry Styles",1,1,"2022-09-28",1
"Healy",1,1,"2020-11-28",1
"Helios",1,1,"2016-04-29",1
"Helix",1,1,"2020-02-02",1
"Hell Ya Fucking Right",1,1,"2022-03-31",1
"High John",1,1,"2021-06-20",1
"Highly Suspect",1,1,"2022-04-24",1
"Hippie Sabotage",1,1,"2016-04-21",1
"Holly Near",1,1,"2020-09-26",1
"Homixide Gang",1,1,"2022-10-13",1
"Honk!",1,1,"2020-05-13",1
"Hope Tala",1,1,"2022-11-05",1
"Hopsin",1,1,"2019-01-21",1
"Horsegirl",1,1,"2022-06-05",1
"Hotel Ugly",1,1,"2022-01-18",1
"House Of Pain",1,1,"2022-10-07",1
"Howeh",1,1,"2022-12-09",1
"Hudson Mohawke",1,1,"2022-11-11",1
"I.L.L. Will",1,1,"2020-11-26",1
"INTRXVRT",1,1,"2022-09-01",1
"IVE",1,1,"2020-11-27",1
"Ian Ewing",1,1,"2022-04-26",1
"Icewear Vezzo",1,1,"2022-10-13",1
"Icona Pop",1,1,"2022-11-22",1
"Iggy Azalea",1,1,"2017-08-01",1
"Ilmari Hakkola",1,1,"2022-12-09",1
"Ima Robot",1,1,"2018-01-04",1
"Inf",1,1,"2020-11-27",1
"J Alvarez",1,1,"2016-04-24",1
"J.I the Prince of N.Y",1,1,"2020-07-09",1
"JBlanked",1,1,"2022-09-01",1
"JJ Heller",1,1,"2022-09-28",1
"JMBB",1,1,"2020-09-25",1
"Jack Shore",1,1,"2022-12-09",1
"Jacob Sigman",1,1,"2021-09-16",1
"Jae Trill",1,1,"2021-04-27",1
"Jafiki",1,1,"2022-12-09",1
"Jagjit Singh",1,1,"2020-09-20",1
"Jake Five",1,1,"2020-11-27",1
"Jake Jurant",1,1,"2022-04-25",1
"Jake Owen",1,1,"2021-03-10",1
"Jake Paul",1,1,"2017-09-09",1
"James Bay",1,1,"2022-09-28",1
"James Brown",1,1,"2022-10-23",1
"James TW",1,1,"2022-09-28",1
"Jamie Foxx",1,1,"2016-04-24",1
"Jane's Addiction",1,1,"2020-01-14",1
"Jasleen Royal",1,1,"2021-10-08",1
"Jason Aldean",1,1,"2022-09-30",1
"Jay & The Americans",1,1,"2021-03-08",1
"Jay Critch",1,1,"2020-03-07",1
"Jay Prince",1,1,"2020-10-31",1
"Jazzinuf",1,1,"2022-04-26",1
"Jeff Bernat",1,1,"2020-11-28",1
"Jency",1,1,"2021-08-30",1
"Jens Wechsler",1,1,"2019-10-17",1
"Jeremiah Perez",1,1,"2022-12-09",1
"Jesse James Solomon",1,1,"2020-10-31",1
"Jesse McCartney",1,1,"2020-08-29",1
"Jessie Reyez",1,1,"2020-04-09",1
"Jet",1,1,"2022-09-15",1
"Jimmy Durante",1,1,"2022-09-09",1
"Jimmy Eat World",1,1,"2022-02-05",1
"Jimmy Here",1,1,"2022-12-09",1
"Joey Trap",1,1,"2018-04-20",1
"John Anderson",1,1,"2020-03-18",1
"John Coltrane Quartet",1,1,"2021-02-02",1
"John Denver",1,1,"2019-04-07",1
"John Vincent III",1,1,"2022-11-06",1
"Johnny Mathis",1,1,"2021-11-01",1
"Jon Costa",1,1,"2020-09-25",1
"Jon Pardi",1,1,"2021-03-10",1
"Jon Waltz",1,1,"2022-01-18",1
"Jonah Zed",1,1,"2022-10-15",1
"Jordan Mackampa",1,1,"2018-08-24",1
"Josh Groban",1,1,"2021-11-01",1
"Joyce Wrice",1,1,"2022-12-06",1
"Jreg",1,1,"2022-12-09",1
"Julie Andrews",1,1,"2017-12-13",1
"June Christy",1,1,"2022-10-01",1
"Jungle",1,1,"2022-04-12",1
"Justice",1,1,"2020-08-29",1
"K CAMP",1,1,"2020-11-22",1
"K-Trap",1,1,"2020-12-12",1
"KALEO",1,1,"2021-03-10",1
"KAMI",1,1,"2022-12-04",1
"KANKAN",1,1,"2022-04-12",1
"KILLY",1,1,"2019-08-22",1
"KJ King of Hearts",1,1,"2022-09-01",1
"KOMOREBI",1,1,"2022-04-26",1
"KT6900",1,1,"2022-09-01",1
"Kaaris",1,1,"2017-08-10",1
"Kali Uchis",1,1,"2020-10-31",1
"Kamal.",1,1,"2020-11-28",1
"Kankick",1,1,"2020-10-31",1
"Kaskade",1,1,"2018-06-02",1
"KaspaHauser",1,1,"2020-11-27",1
"Kay-O",1,1,"2020-12-12",1
"Kazam",1,1,"2020-11-27",1
"Keala Settle",1,1,"2018-02-06",1
"Keith Richards",1,1,"2021-02-14",1
"Kenaj",1,1,"2020-09-25",1
"Kenji",1,1,"2020-10-31",1
"Kenny Mason",1,1,"2021-04-30",1
"Kev Brown",1,1,"2020-10-31",1
"Kevin MacLeod",1,1,"2022-12-09",1
"Key Nyata",1,1,"2022-09-01",1
"Keyzs-Sean Sparsfa",1,1,"2022-12-09",1
"Kid Abstrakt",1,1,"2020-10-31",1
"Kid Taro",1,1,"2020-11-27",1
"Kill The Buzz",1,1,"2016-04-22",1
"Kina Grannis",1,1,"2022-09-28",1
"King",1,1,"2021-10-06",1
"Kirk Knight",1,1,"2022-09-14",1
"Kirt Connor",1,1,"2022-12-09",1
"Kista",1,1,"2020-10-31",1
"Klaus Layer",1,1,"2020-11-27",1
"Klondike Blonde",1,1,"2022-09-21",1
"Knowsum",1,1,"2022-04-26",1
"Kofi Stone",1,1,"2020-10-31",1
"Korn",1,1,"2016-04-20",1
"Krewella",1,1,"2016-05-01",1
"Kristal Gandhi",1,1,"2018-05-22",1
"Krystal Evette",1,1,"2022-12-09",1
"Kubuch",1,1,"2022-04-25",1
"Kuwada",1,1,"2019-01-22",1
"Ky akasha",1,1,"2022-01-11",1
"Kygo",1,1,"2017-12-13",1
"Kyle Dixon & Michael Stein",1,1,"2019-04-09",1
"L One",1,1,"2020-11-27",1
"L. R. Eswari",1,1,"2021-08-30",1
"LANNE",1,1,"2020-09-25",1
"LIL dEE",1,1,"2022-12-09",1
"LIZER",1,1,"2021-12-11",1
"Labrinth",1,1,"2022-07-29",1
"Lalo Rodriguez",1,1,"2022-12-28",1
"Lamar Azul",1,1,"2022-04-26",1
"Lamar Tazz Jay",1,1,"2022-12-09",1
"Landstrip Chip",1,1,"2020-02-26",1
"Last Dinosaurs",1,1,"2022-09-03",1
"Latitia",1,1,"2021-02-13",1
"Lauv",1,1,"2019-01-24",1
"Laxmikant-Pyarelal",1,1,"2021-02-19",1
"Lecrae",1,1,"2018-01-09",1
"Leezy",1,1,"2017-05-22",1
"Lenny Loops",1,1,"2021-12-09",1
"Leo Finka",1,1,"2019-09-27",1
"Leon Bridges",1,1,"2022-06-21",1
"Leona Lewis",1,1,"2017-09-14",1
"Leos Janacek",1,1,"2021-07-26",1
"LeviathanJPTV",1,1,"2022-12-09",1
"Lewis Capaldi",1,1,"2022-09-28",1
"Liam Gallagher",1,1,"2022-05-27",1
"Lifehouse",1,1,"2021-03-10",1
"Lil Broomstick",1,1,"2018-04-20",1
"Lil He77",1,1,"2019-10-04",1
"Lil Jon",1,1,"2022-10-23",1
"Lil Jon & The East Side Boyz",1,1,"2022-04-23",1
"Lil Loaded",1,1,"2020-05-07",1
"Lilac",1,1,"2021-12-09",1
"Lily Allen",1,1,"2022-12-03",1
"Linearwave",1,1,"2021-12-09",1
"Link up TV",1,1,"2020-12-12",1
"Linkin Park",1,1,"2022-08-30",1
"Little Richard",1,1,"2020-09-23",1
"Little River Band",1,1,"2020-10-18",1
"Lo'Dale",1,1,"2022-04-25",1
"Local Natives",1,1,"2022-02-11",1
"London Yellow",1,1,"2022-12-09",1
"Lonestar",1,1,"2020-03-18",1
"Loreno Mayer",1,1,"2020-09-25",1
"Lost Kings",1,1,"2016-04-29",1
"Lou Monte",1,1,"2022-10-01",1
"Lou Reed",1,1,"2020-08-31",1
"Low Phil",1,1,"2021-07-27",1
"Lowkey",1,1,"2020-12-12",1
"Lucenzo",1,1,"2020-01-21",1
"Lucky Daye",1,1,"2022-11-03",1
"Ludwig Goransson",1,1,"2018-02-26",1
"Luke Bryan",1,1,"2022-10-29",1
"Luke Combs",1,1,"2022-09-28",1
"Luke Wild",1,1,"2020-11-28",1
"Lunar",1,1,"2022-07-17",1
"Luny Tunes",1,1,"2016-04-24",1
"Lute",1,1,"2020-10-31",1
"LuvBug",1,1,"2021-03-10",1
"Lxst",1,1,"2020-05-18",1
"M-Cubed",1,1,"2016-04-27",1
"M. S. Subbulakshmi",1,1,"2021-08-30",1
"MANIK MC",1,1,"2020-10-31",1
"MC Glitchy",1,1,"2022-12-09",1
"ME+L",1,1,"2022-09-01",1
"MEDUZA",1,1,"2022-01-22",1
"MIXK",1,1,"2022-04-25",1
"MORTEN",1,1,"2016-04-21",1
"Mac Ayres",1,1,"2019-07-06",1
"Maceo Plex",1,1,"2016-04-19",1
"Mad Squablz",1,1,"2017-06-06",1
"Made On Info",1,1,"2022-12-09",1
"Madeus",1,1,"2020-11-27",1
"Madison Hughes",1,1,"2017-06-19",1
"Maggie Lindemann",1,1,"2018-01-06",1
"Maggie Rogers",1,1,"2022-07-29",1
"Malaysia Vasudevan",1,1,"2021-09-02",1
"Malia Lou",1,1,"2020-11-27",1
"Mambalam M.K.S. Siva",1,1,"2021-02-03",1
"Mando Audio",1,1,"2022-12-09",1
"Manic Street Preachers",1,1,"2017-10-08",1
"Manna Dey",1,1,"2020-09-12",1
"Manu Chao",1,1,"2022-12-28",1
"Manuel",1,1,"2022-12-09",1
"MarMar Oso",1,1,"2019-12-11",1
"Marcos Caixa",1,1,"2020-11-27",1
"Marino Infantry",1,1,"2020-02-26",1
"Marnik",1,1,"2016-04-22",1
"Mashonda",1,1,"2022-06-08",1
"Massive Attack",1,1,"2016-04-20",1
"Mathic",1,1,"2020-09-25",1
"Matt Maeson",1,1,"2021-07-09",1
"Matt Simons",1,1,"2016-04-30",1
"Matt Terry",1,1,"2018-02-05",1
"MattOfficiel",1,1,"2022-05-27",1
"Matthew Mole",1,1,"2022-05-21",1
"Matty Wood$",1,1,"2020-08-02",1
"Maurice Ravel",1,1,"2021-07-26",1
"Mavado",1,1,"2022-03-03",1
"Max MacVeety",1,1,"2022-04-26",1
"Megan Thee Stallion",1,1,"2022-01-22",1
"Mehdi Hassan",1,1,"2020-09-20",1
"Melanie Martinez",1,1,"2016-04-18",1
"Mgbwild",1,1,"2022-12-09",1
"Michael Scott Fan Club",1,1,"2019-04-26",1
"Michael The Author",1,1,"2022-01-18",1
"Michel Telo",1,1,"2020-09-19",1
"Mike Irish",1,1,"2022-01-18",1
"Mila Coolness",1,1,"2021-12-09",1
"Miles Davis",1,1,"2020-10-31",1
"Milind Sagar",1,1,"2021-02-19",1
"Miramare",1,1,"2021-12-09",1
"Mister Ethan",1,1,"2022-12-09",1
"Mixtape Madness",1,1,"2020-12-12",1
"Miyagi & Andy Panda",1,1,"2021-12-11",1
"Mizta Z",1,1,"2022-02-18",1
"Mnogoznaal",1,1,"2021-12-11",1
"Modest Mouse",1,1,"2018-02-15",1
"Modha",1,1,"2020-10-31",1
"Moe Vision",1,1,"2017-05-16",1
"Mohit Chauhan",1,1,"2019-07-10",1
"Money Man",1,1,"2022-01-09",1
"Morpheus Two",1,1,"2021-07-27",1
"Move 78",1,1,"2020-11-26",1
"Mr Mantega",1,1,"2020-11-27",1
"Mr. Nicky",1,1,"2022-12-09",1
"Mudrigo",1,1,"2022-10-22",1
"Mujo",1,1,"2022-04-26",1
"Mukesh",1,1,"2021-01-29",1
"Muriel Bostdorp",1,1,"2019-10-17",1
"Mvdb",1,1,"2021-12-09",1
"Myles Cameron",1,1,"2020-11-28",1
"Mylo B",1,1,"2022-04-26",1
"Myriad",1,1,"2022-04-26",1
"N. R. P. Ravichandhran",1,1,"2021-02-03",1
"NGO",1,1,"2017-06-11",1
"NMST",1,1,"2020-09-25",1
"NOTD",1,1,"2021-10-23",1
"Nabil Wu",1,1,"2022-12-09",1
"Naresh Iyer",1,1,"2021-10-06",1
"Nat King Cole Trio",1,1,"2021-11-01",1
"Natalie La Rose",1,1,"2016-04-21",1
"Nath Brooks",1,1,"2018-02-17",1
"Nathan Kawanishi",1,1,"2022-04-25",1
"Naughty Boy",1,1,"2022-10-23",1
"Neeraj Shridhar",1,1,"2021-11-19",1
"Nef The Pharaoh",1,1,"2021-11-16",1
"Neil Young",1,1,"2020-10-24",1
"Nelly Furtado",1,1,"2022-09-17",1
"Nevada",1,1,"2022-09-03",1
"New Boyz",1,1,"2020-08-29",1
"Nick Mason's Saucerful of Secrets",1,1,"2020-05-16",1
"NickyDiesel",1,1,"2021-07-27",1
"Nico Segal",1,1,"2019-01-24",1
"Nix Northwest",1,1,"2020-10-31",1
"No Suits",1,1,"2021-02-15",1
"NoCap",1,1,"2022-01-09",1
"Noah Kahan",1,1,"2022-10-22",1
"Noel Redding",1,1,"2020-08-30",1
"Nometronn",1,1,"2021-07-27",1
"Noor Jehan",1,1,"2020-09-20",1
"Nothingtosay",1,1,"2021-12-09",1
"Nouman Khalid",1,1,"2021-11-19",1
"Novo Amor",1,1,"2021-12-07",1
"Nursery Rhymes ABC",1,1,"2022-09-09",1
"O2worldwide",1,1,"2022-09-01",1
"OFB",1,1,"2020-12-12",1
"OMI",1,1,"2019-11-09",1
"Octavian",1,1,"2021-03-23",1
"Oddisee",1,1,"2022-06-27",1
"Of Monsters and Men",1,1,"2020-05-18",1
"Oh Wonder",1,1,"2021-03-10",1
"Oingo Boingo",1,1,"2022-11-05",1
"Ol' Burger Beats",1,1,"2020-10-31",1
"Oliver Hazard",1,1,"2022-11-06",1
"Orestes Gomez",1,1,"2022-04-25",1
"Orleans",1,1,"2021-03-27",1
"Our Last Night",1,1,"2017-09-29",1
"PENPALS",1,1,"2020-10-31",1
"PNL",1,1,"2017-08-10",1
"PRICE",1,1,"2020-10-31",1
"Pablo Cruise",1,1,"2021-03-27",1
"Palace",1,1,"2022-07-01",1
"Palmasur",1,1,"2022-04-25",1
"Pandiraj",1,1,"2021-10-06",1
"Pantone",1,1,"2022-04-25",1
"Paramore",1,1,"2022-12-14",1
"Parental",1,1,"2021-02-14",1
"Paris & Simo",1,1,"2016-04-22",1
"Partenaire Particulier",1,1,"2018-07-05",1
"Pastor Rex",1,1,"2022-09-01",1
"Pat Ron",1,1,"2022-09-01",1
"Patrick O'Hearn",1,1,"2016-04-29",1
"Peach Pit",1,1,"2022-07-01",1
"Peezy",1,1,"2022-02-14",1
"Pepper Coyote",1,1,"2022-12-09",1
"Peter Gabriel",1,1,"2021-01-30",1
"Peter Schilling",1,1,"2019-10-10",1
"Petit Biscuit",1,1,"2019-04-26",1
"Phantom Planet",1,1,"2017-10-08",1
"Pink Hoodie",1,1,"2021-07-27",1
"Playa",1,1,"2022-11-29",1
"Poetics",1,1,"2021-07-27",1
"Pointy Features",1,1,"2022-01-11",1
"Pollari",1,1,"2022-01-18",1
"Pontiac Puma",1,1,"2021-07-27",1
"Portaledge",1,1,"2020-11-27",1
"Pressure",1,1,"2022-04-28",1
"Pretty Vicious",1,1,"2022-04-24",1
"Priceless Da Roc",1,1,"2021-10-23",1
"Pritam",1,1,"2022-04-13",1
"Problem",1,1,"2021-04-30",1
"Professor Crabb",1,1,"2020-11-27",1
"Project AER",1,1,"2021-04-22",1
"Pueblo Vista",1,1,"2021-02-17",1
"Pusher",1,1,"2016-04-18",1
"Quiet Riot",1,1,"2020-02-15",1
"Quill",1,1,"2020-09-27",1
"R. Kelly",1,1,"2022-09-02",1
"R3HAB",1,1,"2018-08-29",1
"RAIZA BIZA",1,1,"2020-10-31",1
"REMI",1,1,"2020-10-31",1
"REO Speedwagon",1,1,"2020-10-18",1
"RINZ.",1,1,"2021-07-27",1
"RY X",1,1,"2016-04-20",1
"Raekwon",1,1,"2020-11-23",1
"Rahmeen",1,1,"2020-02-26",1
"Rain Man",1,1,"2016-05-01",1
"Rakim",1,1,"2018-05-25",1
"Ralfy the Plug",1,1,"2022-01-09",1
"Ralph Jet",1,1,"2022-12-09",1
"Ramu",1,1,"2021-08-30",1
"Randy Newman",1,1,"2018-12-07",1
"Randy Travis",1,1,"2020-03-18",1
"Raouf Beats",1,1,"2022-04-25",1
"Rariboy Spin",1,1,"2022-01-08",1
"Raw Art Movement",1,1,"2022-09-01",1
"Ray Stevens",1,1,"2018-04-23",1
"Rayan",1,1,"2021-02-27",1
"Rebounder",1,1,"2021-12-02",1
"Redlight King",1,1,"2021-03-10",1
"RejSende",1,1,"2021-02-17",1
"Revolutionary Rhythm",1,1,"2020-10-31",1
"Rhett Akins",1,1,"2020-03-18",1
"Rich Chambers",1,1,"2022-09-08",1
"RichaadEB",1,1,"2019-09-19",1
"Rick James",1,1,"2021-09-05",1
"Rick Springfield",1,1,"2022-10-22",1
"Ricochet",1,1,"2020-03-18",1
"Rita Ora",1,1,"2017-11-12",1
"Ritchie Valens",1,1,"2020-09-23",1
"Riton",1,1,"2021-09-23",1
"Rizik",1,1,"2020-11-27",1
"Robbie Williams",1,1,"2021-02-15",1
"Robin Schulz",1,1,"2016-04-30",1
"Rook1e",1,1,"2021-12-09",1
"Rosemary Wilkinson",1,1,"2019-10-17",1
"Roy Orbison",1,1,"2019-09-25",1
"Rucka Rucka Ali",1,1,"2022-12-09",1
"Ruelle",1,1,"2022-09-28",1
"Run-D.M.C.",1,1,"2017-08-30",1
"Rush",1,1,"2021-02-22",1
"Ryan Hailey",1,1,"2022-12-09",1
"Ryder Sinclair",1,1,"2020-09-25",1
"Ryler Smith",1,1,"2020-10-31",1
"S.P. Charan",1,1,"2021-10-06",1
"SLACKCiRCUS",1,1,"2022-12-09",1
"SLUMBERJACK",1,1,"2016-05-01",1
"SOB",1,1,"2021-11-16",1
"SWAGGER",1,1,"2020-09-25",1
"SahBabii",1,1,"2021-05-31",1
"Sahara",1,1,"2021-11-19",1
"Saiko",1,1,"2022-04-26",1
"Saint BeDa",1,1,"2022-12-09",1
"Salim-Sulaiman",1,1,"2021-11-12",1
"Salt-N-Pepa",1,1,"2016-04-30",1
"Salva",1,1,"2022-05-16",1
"Sam Cooke",1,1,"2022-02-21",1
"Sam Cross",1,1,"2021-06-20",1
"Sam Feldt",1,1,"2022-09-10",1
"Sammy Adams",1,1,"2017-11-24",1
"Sammy Shiblaq",1,1,"2019-09-20",1
"Sandaru Sathsara",1,1,"2021-11-19",1
"Santino Le Saint",1,1,"2021-05-23",1
"Sardine Slayer",1,1,"2022-12-09",1
"Sav12",1,1,"2020-12-12",1
"Schmiddunsk",1,1,"2022-04-26",1
"Scorpions",1,1,"2019-01-15",1
"Sea in the Sky",1,1,"2018-06-09",1
"Seals and Crofts",1,1,"2019-04-17",1
"Sean Kingston",1,1,"2020-08-29",1
"Sech",1,1,"2021-03-29",1
"Seeb",1,1,"2022-05-21",1
"Seizure Machine",1,1,"2022-12-09",1
"Seneca B",1,1,"2020-11-27",1
"Seth Bishop",1,1,"2022-10-08",1
"Seven Lions",1,1,"2016-04-18",1
"Sha Mula",1,1,"2017-05-19",1
"Sheff G",1,1,"2021-04-27",1
"Sheik Chinna Moulana",1,1,"2021-02-03",1
"ShiShi",1,1,"2018-08-29",1
"Shokk",1,1,"2022-12-09",1
"Shontelle",1,1,"2022-09-28",1
"ShooterGang Kony",1,1,"2020-02-06",1
"Shouse",1,1,"2022-07-07",1
"SicknessMP",1,1,"2021-02-17",1
"Sided",1,1,"2022-07-23",1
"Sidual.",1,1,"2021-07-27",1
"Silambarasan TR",1,1,"2021-10-03",1
"Silver",1,1,"2021-03-27",1
"Sirkazhi Govindarajan",1,1,"2021-09-07",1
"Skence",1,1,"2022-04-25",1
"Skilla Baby",1,1,"2022-02-14",1
"SkinBone",1,1,"2022-12-09",1
"Skryptonite",1,1,"2021-12-11",1
"Sleepermane",1,1,"2021-12-09",1
"Slumm Prince",1,1,"2021-08-28",1
"Smeeagain",1,1,"2022-04-26",1
"Smiley",1,1,"2021-07-29",1
"Smoke",1,1,"2022-01-18",1
"Smoke Trees",1,1,"2020-10-31",1
"Smokepurpp",1,1,"2019-02-19",1
"Sniper Gang",1,1,"2022-01-09",1
"Snorlads",1,1,"2022-04-25",1
"SoFaygo",1,1,"2021-05-04",1
"SoNE",1,1,"2022-04-26",1
"Social House",1,1,"2022-06-19",1
"Sofia Carson",1,1,"2019-02-06",1
"Solange",1,1,"2022-10-06",1
"SoulChef",1,1,"2022-04-26",1
"Soup",1,1,"2022-12-09",1
"Spaze Windu",1,1,"2021-02-13",1
"Spectacular Diagnostics",1,1,"2020-11-27",1
"Spokeman",1,1,"2020-09-25",1
"SpoonBeats",1,1,"2022-04-25",1
"SpotemGottem",1,1,"2022-01-09",1
"Stamper",1,1,"2022-12-09",1
"Stephanie Beatriz",1,1,"2022-02-19",1
"Steve Angello",1,1,"2016-04-20",1
"Steve Miller Band",1,1,"2022-01-21",1
"Steve Winwood",1,1,"2021-06-25",1
"Stevie Ray Vaughan",1,1,"2020-01-14",1
"Stunna 4 Vegas",1,1,"2019-12-21",1
"Submerse",1,1,"2020-10-31",1
"Sueco",1,1,"2020-03-07",1
"Sugarloaf",1,1,"2021-03-27",1
"Suigeneris",1,1,"2020-08-24",1
"Sundar C. Babu",1,1,"2021-10-03",1
"Surf Curse",1,1,"2022-02-11",1
"Susan Egan",1,1,"2017-10-08",1
"Sviatoslav Richter",1,1,"2021-02-24",1
"Sweatson Klank",1,1,"2022-04-25",1
"System Of A Down",1,1,"2019-03-23",1
"TABAL",1,1,"2020-11-27",1
"TREVR",1,1,"2020-09-25",1
"TRIBEZ.",1,1,"2022-04-26",1
"TV Girl",1,1,"2022-11-03",1
"Taco",1,1,"2019-11-24",1
"Taj Mahal",1,1,"2021-04-17",1
"Take Me To Your Best Friends House",1,1,"2022-04-03",1
"Talib Kweli",1,1,"2020-10-31",1
"Tamia",1,1,"2022-09-28",1
"Tavares",1,1,"2021-09-13",1
"Teebs",1,1,"2022-04-25",1
"Tems",1,1,"2021-09-17",1
"Tennessee Ernie Ford",1,1,"2022-12-09",1
"Teo",1,1,"2021-06-20",1
"Terrace Martin",1,1,"2022-09-14",1
"The BREED",1,1,"2020-11-27",1
"The Baby Einstein Music Box Orchestra",1,1,"2022-09-09",1
"The Cast of Paradise PD",1,1,"2022-12-09",1
"The Chicks",1,1,"2020-03-18",1
"The Chords",1,1,"2022-08-24",1
"The Del-Vikings",1,1,"2019-10-22",1
"The Drums",1,1,"2022-07-21",1
"The Federal Empire",1,1,"2021-03-10",1
"The Heavy",1,1,"2022-04-15",1
"The Jacka",1,1,"2022-10-03",1
"The Junior Beats",1,1,"2022-12-09",1
"The Kid Daytona",1,1,"2020-10-31",1
"The Last Goodnight",1,1,"2022-10-08",1
"The Legends",1,1,"2021-07-27",1
"The Raconteurs",1,1,"2022-04-24",1
"The Runaways",1,1,"2021-12-16",1
"The Smiths",1,1,"2020-04-26",1
"The Spencer Davis Group",1,1,"2020-09-23",1
"The Starting 5ive",1,1,"2020-10-31",1
"The Sugarhill Gang",1,1,"2022-04-19",1
"The Tams",1,1,"2022-10-23",1
"The Tano Jones Revelry",1,1,"2022-10-01",1
"The Thrills",1,1,"2019-10-22",1
"The Tractors",1,1,"2020-03-18",1
"The Upside Downs",1,1,"2022-12-09",1
"The White Stripes",1,1,"2022-01-25",1
"The Young Xp",1,1,"2022-03-18",1
"TheStalli",1,1,"2022-12-09",1
"Thelonious Coltrane",1,1,"2020-11-27",1
"Them",1,1,"2020-09-23",1
"This Is Tomorrow",1,1,"2020-10-31",1
"Thunderclap Newman",1,1,"2021-05-30",1
"Tiago Frugoli Ensemble",1,1,"2020-11-27",1
"Tiago PZK",1,1,"2022-06-05",1
"Tim Haywood",1,1,"2022-12-09",1
"Tim McGraw",1,1,"2022-09-17",1
"Timeflies",1,1,"2016-04-28",1
"Tinashe",1,1,"2016-04-21",1
"Tino Szn",1,1,"2022-08-15",1
"Tion Wayne",1,1,"2022-10-15",1
"Tis L",1,1,"2022-04-25",1
"Tobu",1,1,"2021-03-10",1
"Toby Keith",1,1,"2020-03-18",1
"TobyMac",1,1,"2022-06-05",1
"Todd Rundgren",1,1,"2020-07-14",1
"Toddler Tunes",1,1,"2022-09-09",1
"Tohaj",1,1,"2021-07-27",1
"Tokyo Machine",1,1,"2022-12-09",1
"Tom Hanks",1,1,"2021-11-01",1
"Tom Jones",1,1,"2022-10-23",1
"Tom Odell",1,1,"2016-04-20",1
"Tones And I",1,1,"2022-03-11",1
"Tony Orlando & Dawn",1,1,"2019-09-25",1
"Too $hort",1,1,"2022-02-14",1
"Toonorth",1,1,"2022-04-26",1
"Toploader",1,1,"2022-10-23",1
"Tori Kelly",1,1,"2022-09-28",1
"Trace Adkins",1,1,"2020-03-18",1
"Trapperman Dale",1,1,"2022-02-11",1
"Travis Tritt",1,1,"2020-03-18",1
"Trevor Jackson",1,1,"2016-04-24",1
"Trevor Spitta",1,1,"2022-09-01",1
"Triumph",1,1,"2019-11-25",1
"Troy Ave",1,1,"2020-02-20",1
"True Story Gee",1,1,"2021-09-17",1
"Tweeko",1,1,"2020-12-12",1
"Tyla Yaweh",1,1,"2022-10-29",1
"UKDD",1,1,"2022-04-26",1
"URCHN",1,1,"2020-11-27",1
"Uma Ramanan",1,1,"2021-09-02",1
"Umberto Giordano",1,1,"2021-03-23",1
"Un!dentified",1,1,"2022-01-25",1
"Uncle Kracker",1,1,"2022-06-29",1
"Unni Menon",1,1,"2021-09-03",1
"UnoTheActivist",1,1,"2022-06-18",1
"Us The Duo",1,1,"2022-09-28",1
"Veeramani Raju",1,1,"2021-08-30",1
"Vennu Mallesh",1,1,"2018-02-19",1
"Verbalase",1,1,"2022-12-09",1
"Veronica Maggio",1,1,"2022-05-21",1
"Victor Oladipo",1,1,"2018-02-20",1
"Vince Gill",1,1,"2020-03-18",1
"Vincent Rayn",1,1,"2020-11-27",1
"Vineotap",1,1,"2022-12-09",1
"Vinnies Pm",1,1,"2022-09-01",1
"Vishal-Shekhar",1,1,"2022-04-13",1
"Vodka",1,1,"2020-05-07",1
"Vonuzal",1,1,"2022-12-09",1
"Vory",1,1,"2022-06-05",1
"Vundabar",1,1,"2022-04-24",1
"WINNER",1,1,"2017-12-04",1
"Wajid",1,1,"2021-11-20",1
"Wake the Wild",1,1,"2020-09-16",1
"Walmart Yodel Kid",1,1,"2018-04-29",1
"Walter Murphy",1,1,"2021-09-13",1
"Wes Walker",1,1,"2022-09-17",1
"Weston & Teston",1,1,"2020-09-25",1
"Wet",1,1,"2018-01-29",1
"Willie Colon",1,1,"2022-12-28",1
"Winnetka Bowling League",1,1,"2021-07-28",1
"Wynn",1,1,"2017-06-03",1
"XanMan",1,1,"2020-05-07",1
"Xanndo",1,1,"2022-12-09",1
"Xavier Omar",1,1,"2020-11-28",1
"Xavier Wulf",1,1,"2020-05-07",1
"Y.SJ",1,1,"2020-12-12",1
"YFN Lucci",1,1,"2017-09-26",1
"YG Rob",1,1,"2022-10-20",1
"YN Jay",1,1,"2021-05-04",1
"YNW BSlime",1,1,"2019-12-11",1
"Yaima",1,1,"2021-02-21",1
"Yashita Sharma",1,1,"2021-11-19",1
"Yawn Shop",1,1,"2021-07-27",1
"Years & Years",1,1,"2021-02-21",1
"Yolanda Be Cool",1,1,"2022-09-30",1
"Yung Bleu",1,1,"2021-05-31",1
"Yung Simmie",1,1,"2019-07-29",1
"YungGen",1,1,"2020-11-26",1
"Yuvan Shankar Raja",1,1,"2021-10-03",1
"Yvonne Elliman",1,1,"2021-09-13",1
"Zakir Hussain",1,1,"2020-09-25",1
"Zaps",1,1,"2020-11-26",1
"Zen Park",1,1,"2022-04-26",1
"Zigz Gaud",1,1,"2022-01-09",1
"Zion & Lennox",1,1,"2016-04-24",1
"Ziv Zaifman",1,1,"2022-09-28",1
"Zo Val",1,1,"2018-06-09",1
"Zomboy",1,1,"2020-10-03",1
"alt-J",1,1,"2022-04-24",1
"at Wendys",1,1,"2018-04-20",1
"bLAck pARty",1,1,"2022-08-10",1
"belluh27",1,1,"2022-12-09",1
"blackwave.",1,1,"2020-10-31",1
"blnkspc_",1,1,"2021-02-14",1
"coldbrew",1,1,"2020-11-27",1
"countrystar420",1,1,"2022-12-09",1
"damaa.beats",1,1,"2021-02-13",1
"datcurryboi",1,1,"2020-08-14",1
"don C",1,1,"2022-04-25",1
"elmo",1,1,"2021-02-17",1
"farewell",1,1,"2022-04-26",1
"gishfang",1,1,"2020-11-27",1
"iLL BLU",1,1,"2022-12-18",1
"iamalex",1,1,"2022-01-11",1
"invention_",1,1,"2020-10-31",1
"j'san",1,1,"2021-12-09",1
"juno",1,1,"2022-03-16",1
"khaderbai",1,1,"2021-07-27",1
"l'Outlander",1,1,"2021-04-22",1
"lazy oscar",1,1,"2020-10-30",1
"lil ricefield",1,1,"2019-08-31",1
"lofi lemur",1,1,"2021-02-14",1
"madmax",1,1,"2021-02-14",1
"milligon",1,1,"2022-04-26",1
"mndyrmm",1,1,"2022-01-25",1
"mrgirl",1,1,"2022-12-09",1
"nrg",1,1,"2021-07-27",1
"p!ke",1,1,"2021-07-27",1
"pluko",1,1,"2020-09-25",1
"popadiclo",1,1,"2020-11-27",1
"prxz",1,1,"2020-12-17",1
"rei brown",1,1,"2020-11-28",1
"rocomoco",1,1,"2020-11-27",1
"santpoort",1,1,"2021-07-27",1
"spice rack",1,1,"2021-07-27",1
"squeeda",1,1,"2021-12-09",1
"stream_error",1,1,"2021-12-09",1
"svrite",1,1,"2020-05-07",1
"takeo",1,1,"2021-12-09",1
"tomcbumpz",1,1,"2021-04-26",1
"twuan",1,1,"2022-04-26",1
"veggi",1,1,"2022-09-01",1
"wyn wyn",1,1,"2020-11-27",1
"xander.",1,1,"2022-04-26",1
"youngnys",1,1,"2022-08-10",1
"yums",1,1,"2022-12-09",1
