"Artist","Album","Songs","Plays Per Song"
"Travis Scott","Birds in the Trap Sing McKnight",14,122.785714285714
"Bryson Tiller","T R A P S O U L",18,93.3333333333333
"Isaiah Rashad","Cilvia Demo",14,116.428571428571
"Mick Jenkins","The Water[s]",18,86.1111111111111
"Kendrick Lamar","To Pimp a Butterfly",16,88.9375
"Jack Harlow","Loose",14,99.6428571428571
"Kendrick Lamar","DAMN.",14,98.5714285714286
"Joey Bada$$","B4.DA.$$",22,61.0454545454545
"Frank Ocean","Blonde",17,76.9411764705882
"Jack Harlow","Confetti",12,108.5
"Anderson .Paak","Malibu",16,78.625
"Isaiah Rashad","The Sun's Tirade",17,73.7058823529412
"Kendrick Lamar","good kid, m.A.A.d city",17,72.1764705882353
"Drake","Views",20,57.3
"Lil Uzi Vert","Eternal Atake",49,23.2857142857143
"Travis Scott","Rodeo",17,63.2941176470588
"Travis Scott","ASTROWORLD",17,62.8235294117647
"A$AP Rocky","AT.LONG.LAST.A$AP",18,59
"Chance the Rapper","Coloring Book",14,74.4285714285714
"Aries","WELCOME HOME",9,112.222222222222
"Kendrick Lamar","Section.80",17,59.2352941176471
"Vince Staples","Summertime '06",20,47
"Mick Jenkins","The Healing Component",21,43.2857142857143
"Lil Uzi Vert","Luv Is Rage 2",21,40
"Kanye West","Graduation",16,51.6875
"J. Cole","2014 Forest Hills Drive",14,58.5714285714286
"Bryson Tiller","True to Self",19,42.8947368421053
"ScHoolboy Q","Oxymoron",17,47.8235294117647
"PARTYNEXTDOOR","PARTYMOBILE",15,52.0666666666667
"Playboi Carti","Die Lit",19,41
"NxWorries, Knxwledge, Anderson .Paak","Yes Lawd!",19,40.6842105263158
"Joey Bada$$","ALL-AMERIKKKAN BADA$$",12,62.9166666666667
"PnB Rock","GTTM: Goin Thru the Motions",14,52.8571428571429
"Mick Jenkins","Pieces of a Man",18,41.1111111111111
"Earl Sweatshirt","I Don't Like Shit, I Don't Go Outside: An Album by Earl Sweatshirt",10,73.6
"Kanye West","The Life of Pablo",21,34.1428571428571
"Kendrick Lamar","Overly Dedicated",19,36.0526315789474
"Isaiah Rashad","The House Is Burning",16,41.875
"Lil Uzi Vert","Lil Uzi Vert Vs. The World",9,74.3333333333333
"Jaden","SYRE",17,38.9411764705882
"Future","HNDRXX",18,36.7222222222222
"Mike WiLL Made-It","Ransom 2",16,40.5
"Tory Lanez","MEMORIES DON'T DIE",17,37.4705882352941
"Kid Cudi","Passion, Pain & Demon Slayin'",19,33.4210526315789
"Roddy Ricch","Please Excuse Me For Being Antisocial",15,42.1333333333333
"Lil Baby","My Turn",26,24.1923076923077
"ScHoolboy Q","Blank Face LP",17,36.6470588235294
"Verzache","My Head Is a Moshpit",18,34.1111111111111
"Bryson Tiller","A N N I V E R S A R Y",15,40.7333333333333
"Travis Scott, Quavo, HUNCHO JACK","Huncho Jack, Jack Huncho",13,47
"Daniel Caesar","Freudian",10,60.9
"Kanye West","My Beautiful Dark Twisted Fantasy",14,43.1428571428571
"Kanye West","The College Dropout",29,20.3793103448276
"whiterosemoxie","white ceilings",30,19.0333333333333
"Mick Jenkins","Wave[s]",11,51.7272727272727
"Kanye West","Late Registration",21,26.7619047619048
"Young Thug","JEFFERY",9,62.2222222222222
"whiterosemoxie","grae ceilings",13,41.6923076923077
"A$AP Rocky","LONG.LIVE.A$AP",22,24.3636363636364
"Joey Bada$$","1999",15,35.4666666666667
"Lil Skies","Life of a Dark Rose",14,38
"Aries","BELIEVE IN ME, WHO BELIEVES IN YOU",12,44.0833333333333
"Kid Cudi","Indicud",18,29.3333333333333
"JID","The Never Story",12,44
"Future","FUTURE",20,26.3
"Smino","NOIR",18,28.6666666666667
"Ty Dolla $ign","Free TC",21,24.3333333333333
"Tyler, The Creator","CALL ME IF YOU GET LOST",16,30.6875
"BROCKHAMPTON","SATURATION",15,32.4666666666667
"Jazz Cartier","Hotel Paranoia",15,32.2666666666667
"Drake","If You're Reading This It's Too Late",17,28.4705882352941
"J. Cole","KOD",12,39.9166666666667
"Radiohead","OK Computer",12,39.6666666666667
"Ty Dolla $ign","Beach House 3",21,22.5238095238095
"Joey Bada$$","Summer Knights",13,35.8461538461538
"Mac Miller","Swimming",13,35.6923076923077
"Tom The Mail Man","Sunset Visionary, Vol. 2",12,38.5833333333333
"Kid Cudi","Man On the Moon: The End of Day",19,24.3157894736842
"Kendrick Lamar, Jay Rock, James Blake, Future","Black Panther The Album Music From And Inspired By",14,32.4285714285714
"Daniel Caesar","CASE STUDY 01",10,44
"Migos","Culture",13,33.6153846153846
"Kendrick Lamar","Mr. Morale & The Big Steppers",17,25.2352941176471
"J. Cole","Born Sinner",27,15.7777777777778
"Future","Future Hndrxx Presents: The WIZRD",20,21.25
"A$AP Rocky","TESTING",15,28.0666666666667
"Juice WRLD","Goodbye & Good Riddance",16,26.1875
"Smino","blkswn",18,23.2777777777778
"Quality Control, Migos","Quality Control: Control the Streets, Vol. 1",30,13.8
"Juice WRLD","Death Race for Love",22,18.7727272727273
"Trippie Redd","A Love Letter to You 2",14,28.9285714285714
"Rich The Kid","The World Is Yours 2",16,25.3125
"Kendrick Lamar","untitled unmastered.",8,50.625
"BROCKHAMPTON","SATURATION III",15,26.7333333333333
"Joyner Lucas","Along Came Joyner",21,19
"Flatbush Zombies","Vacation In Hell",19,20.8947368421053
"Drake","More Life",22,17.9545454545455
"JID","DiCaprio 2",14,27.3571428571429
"Playboi Carti","Playboi Carti",15,25.2666666666667
"Rich The Kid","The World Is Yours",15,25.2666666666667
"A$AP Mob","Cozy Tapes, Vol. 1: Friends",12,31.5
"Denzel Curry","TA13OO",13,29.0769230769231
"Patrick Cc:","Launch Sequence",16,23.0625
"Cage the Elephant","Melophobia",10,36.6
"Danny Brown","Atrocity Exhibition",15,24.2666666666667
"Tyler, The Creator","IGOR",11,33.0909090909091
"Rich Brian","Amen",14,25.9285714285714
"Khalid","American Teen",15,24.1333333333333
"SiR","November",11,32.7272727272727
"J. Cole","4 Your Eyez Only",10,35.5
"A Boogie wit da Hoodie","Artist 2.0",27,13
"6LACK","FREE 6LACK",13,27
"Jay Rock","Redemption",14,24.9285714285714
"Flatbush Zombies","3001: A Laced Odyssey",12,28.9166666666667
"Gunna","Drip or Drown 2",16,21.4375
"Earl Sweatshirt","Doris",15,22.6
"Madlib, Freddie Gibbs","Bandana",14,24.1428571428571
"Amine","Good For You",15,22.4666666666667
"A$AP Mob","Cozy Tapes, Vol. 2: Too Cozy",17,19.5294117647059
"Young Thug","BEAUTIFUL THUGGER GIRLS",14,23.5
"SZA","Ctrl",18,18.1666666666667
"Logic","Bobby Tarantino",11,29.2727272727273
"The Weeknd","Starboy",18,17.8333333333333
"Kota the Friend","Foto",20,15.75
"Pusha T","DAYTONA",7,44.8571428571429
"Drake","Scorpion",25,12.56
"The Black Keys","Brothers",15,20.8
"Mick Jenkins","Elephant in the Room",13,23.9230769230769
"The Beatles","Sgt. Pepper's Lonely Hearts Club Band",15,20.6666666666667
"Lil Uzi Vert","The Perfect LUV Tape",10,31
"Young Thug","So Much Fun",24,12.875
"Grouplove","Never Trust a Happy Song",12,25
"Koi","Trial & Error",20,14.95
"Young Thug, Future","SUPER SLIMEY",13,22.9230769230769
"Tyler, The Creator","Flower Boy",14,21.2142857142857
"Rae Sremmurd","SremmLife 2",14,20.6428571428571
"Vince Staples","FM!",10,28.4
"Logic","Bobby Tarantino II",13,21.6153846153846
"Migos","Culture II",24,11.7083333333333
"Earl Sweatshirt","Some Rap Songs",15,18.7333333333333
"nothing,nowhere.","Trauma Factory",15,18.6
"A Tribe Called Quest","We Got It from Here... Thank You 4 Your Service",16,17.4375
"Buddy","Harlan & Alondra",12,23.0833333333333
"BROCKHAMPTON","SATURATION II",16,17.3125
"Amine","Limbo",21,13.1428571428571
"Mac Miller","The Divine Feminine",10,27.4
"Brent Faiyaz","WASTELAND",19,14.4210526315789
"VIC MENSA","The Autobiography",15,18.2
"Lil Uzi Vert, Future","Pluto x Baby Pluto",24,11.3333333333333
"Trippie Redd","A Love Letter to You 3",16,16.9375
"Pusha T","My Name Is My Name",12,22.5833333333333
"Post Malone","beerbongs & bentleys",18,15.0555555555556
"Dr. Dre","2001",22,12.2272727272727
"The Beatles","Abbey Road (Remastered)",17,15.8235294117647
"Mir Fontane","Macaroni Tony",10,26.6
"Domo Genesis","Genesis",11,23.3636363636364
"Lil Baby, Gunna","Drip Harder",13,19.6153846153846
"Dave East","Kairi Chanel",18,14.1666666666667
"Smino","Luv 4 Rent",15,17
"SOB X RBE","GANGIN",15,16.9333333333333
"Anderson .Paak","Venice",14,18.0714285714286
"JAY-Z","4:44",10,25.2
"Jack Harlow","Sweet Action",7,35.8571428571429
"Jazz Cartier","Fleurever",16,15.625
"Jack Harlow","Gazebo",10,25
"Ramzoid","WORLD",4,62.5
"XXXTENTACION","?",21,11.8095238095238
"Beach House","Teen Dream",12,20.5833333333333
"Amine","ONEPOINTFIVE",13,18.9230769230769
"whiterosemoxie","HABITS",7,35
"Drake","Nothing Was the Same",15,16.3333333333333
"Verzache","Thought Pool",8,30.5
"Polo G","THE GOAT",16,15.0625
"Miguel","War & Leisure",12,20.0833333333333
"Trippie Redd","LIFE'S A TRIP",14,17.1428571428571
"whiterosemoxie","TROJAN",12,19.5833333333333
"Big K.R.I.T.","4eva Is a Mighty Long Time",22,10.6363636363636
"The 1975","The 1975",16,14.625
"Felly","Mariposa",13,17.8461538461538
"Anderson .Paak","Ventura",11,21.0909090909091
"blackbear","digital druglord",14,16.5714285714286
"Dave East","Paranoia: A True Story",13,17.7692307692308
"Joey Purp","QUARTERTHING",17,13.5882352941176
"Daniyel","82",10,23
"Drake","Certified Lover Boy",21,10.8571428571429
"KIDS SEE GHOSTS","KIDS SEE GHOSTS",10,22.8
"Juice WRLD, Future","Future & Juice WRLD Present... WRLD ON DRUGS",16,14.125
"Metro Boomin","NOT ALL HEROES WEAR CAPES",13,17.2307692307692
"Trippie Redd","A Love Letter to You 4",21,10.6190476190476
"Vince Staples","Big Fish Theory",12,18.5
"JID, Dreamville, Bas","Revenge of the Dreamers III",18,12.3333333333333
"Big Sean","I Decided.",14,15.7857142857143
"Mac Miller","Circles",14,15.5714285714286
"The Weeknd","Dawn FM",16,13.5625
"PARTYNEXTDOOR","COLOURS",8,27
"A Boogie wit da Hoodie","Hoodie SZN",20,10.65
"Rae Sremmurd","SremmLife",11,19.2727272727273
"Macklemore & Ryan Lewis","This Unruly Mess I've Made",13,16.3076923076923
"PnB Rock","Catch These Vibes",18,11.7222222222222
"Lil Yachty","Teenage Emotions",21,9.80952380952381
"Hippo Campus","LP3",10,20.5
"Kota the Friend","Lyrics to GO, Vol. 2",10,20.4
"Logic","Under Pressure",16,12.6875
"The Weeknd","After Hours",15,13.4666666666667
"Lil Peep","Come Over When You're Sober, Pt. 2 (Bonus)",13,15.2307692307692
"midwxst","BACK IN ACTION 2.0",12,16.4166666666667
"Kanye West","Donda",31,6.35483870967742
"Swae Lee, Slim Jxmmi, Rae Sremmurd","SR3MM",27,7.2962962962963
"Tory Lanez","LoVE me NOw",15,13.0666666666667
"Lupe Fiasco","DROGAS Light",14,13.9285714285714
"Dro Kenji","LOST IN HERE",8,24.375
"NAV","NAV",11,17.4545454545455
"Madvillain, Madlib, MF DOOM","Madvillainy",22,8.5
"Vince Staples","RAMONA PARK BROKE MY HEART",16,11.625
"2 Chainz","Pretty Girls Like Trap Music",16,11.5625
"XXXTENTACION","17",11,16.7272727272727
"Tee Grizzley","Activated",18,10.1666666666667
"Ab-Soul","Do What Thou Wilt",16,11.375
"DJ Khaled","Major Key",5,36.4
"Jack Harlow","Thats What They All Say",13,14
"Amine","TWOPOINTFIVE",12,15.0833333333333
"midwxst","better luck next time.",9,20.1111111111111
"21 Savage","i am > i was",16,11.25
"Beast Coast","Escape From New York",13,13.7692307692308
"Offset","FATHER OF 4",16,11.125
"Lil Wayne","Tha Carter V",23,7.69565217391304
"Pink Floyd","The Dark Side of the Moon",10,17.7
"Knxwledge","1988",22,8
"The Beach Boys","Pet Sounds",13,13.4615384615385
"Fleetwood Mac","Greatest Hits",27,6.44444444444444
"Kota the Friend","Everything",12,14.4166666666667
"Joyner Lucas","508-507-2209",16,10.6875
"Juice WRLD","Legends Never Die",20,8.55
"EARTHGANG","Mirrorland",14,12.2142857142857
"Arctic Monkeys","AM",12,14.1666666666667
"Kanye West","ye",7,24.2857142857143
"Kevin Gates","Luca Brasi 3",18,9.22222222222222
"ScHoolboy Q","CrasH Talk",14,11.5714285714286
"Young Thug, Young Stoner Life","Slime Language 2",31,5.2258064516129
"Jonah Zed","Summer In Slow Motion",5,32.2
"Snoop Dogg","COOLAID",20,8
"Sheck Wes","MUDBOY",14,11.2857142857143
"Mick Jenkins","The Circus",7,22.5714285714286
"Rick Ross","Rather You Than Me",14,11.0714285714286
"whiterosemoxie","Twotone",5,31
"Mir Fontane","Who's Watching the Kids 2",11,14.0909090909091
"Saba","Few Good Things",14,11
"slowthai","TYRON",14,11
"Guapdad 4000, !llmind","1176",14,10.9285714285714
"Action Bronson","Blue Chips 7000",13,11.7692307692308
"Lil Wayne","Funeral",24,6.375
"Lil Skies","Shelby",14,10.9285714285714
"Earl Sweatshirt","SICK!",10,15.1
"Dave East","P2",15,10
"Takeoff","The Last Rocket",12,12.5
"Post Malone","Twelve Carat Toothache",14,10.6428571428571
"Quavo","QUAVO HUNCHO",19,7.78947368421053
"Nas","NASIR",7,21
"The Underachievers","Renaissance",15,9.8
"BROCKHAMPTON","ROADRUNNER: NEW LIGHT, NEW MACHINE",13,11.2307692307692
"SiR","Judas and the Black Messiah: The Inspired Album",22,6.54545454545455
"Childish Gambino","Because the Internet",12,11.9166666666667
"Tory Lanez","The New Toronto 3",16,8.9375
"Lil Yachty","Lil Boat 2",16,8.875
"redveil","learn 2 swim",12,11.8333333333333
"Buddy","Superghetto",14,10.0714285714286
"Jonah Zed","Lovewontwait",10,14
"Playboi Carti","Whole Lotta Red",24,5.83333333333333
"Denzel Curry","Melt My Eyez See Your Future",14,9.92857142857143
"SZA","SOS",23,6
"Southside, G Herbo","Swervo",15,9.2
"Jack Harlow","Come Home The Kids Miss You",15,9.13333333333333
"Greta Van Fleet","From the Fires",6,22.6666666666667
"Danny Brown","XXX",21,6.38095238095238
"WESTSIDE BOOGIE","Everythings for Sale",13,10.1538461538462
"Pop Smoke","Shoot For The Stars Aim For The Moon",21,6.28571428571429
"Kanye West, JAY-Z","Watch the Throne",6,21.3333333333333
"Gucci Mane","Droptopwop",10,12.7
"Anderson .Paak","Oxnard",14,9.07142857142857
"Lil Uzi Vert","RED & WHITE",9,14
"Logic","YSIV",14,9
"Future","DS2",18,6.88888888888889
"Future","High Off Life",21,5.90476190476191
"JID","The Forever Story",15,8.2
"Post Malone","Hollywood's Bleeding",17,7.17647058823529
"Wallows","Tell Me That It's Over",10,12.2
"Joey Bada$$","2000",14,8.64285714285714
"Denzel Curry","ZUU",12,9.91666666666667
"Frank Ocean","Channel ORANGE",15,7.8
"Lil Durk, Lil Baby","The Voice of the Heroes",18,6.5
"Dro Kenji","ANYWHERE BUT HERE",12,9.66666666666667
"Jaden","ERYS",19,6.10526315789474
"Post Malone","Stoney",18,6.44444444444444
"Calvin Harris","Funk Wav Bounces, Vol. 1",8,14.375
"Jazz Cartier","Marauding in Paradise",14,8.21428571428571
"Grouplove","This Is This",9,12.7777777777778
"MAVI","Laughing so Hard, it Hurts",16,7.125
"Omen, Dreamville, Cozz","Revenge of the Dreamers III: Director's Cut",12,9.41666666666667
"Wiz Khalifa","Rolling Papers 2",25,4.52
"Young Thug","On the Rvn",6,18.6666666666667
"Travis Scott, JACKBOYS","JACKBOYS",7,15.8571428571429
"Eminem","The Marshall Mathers LP2",12,9.25
"Smino","blkjuptr ",5,22.2
"Future","56 Nights",7,15.7142857142857
"Baby Keem","The Melodic Blue",19,5.78947368421053
"REASON","There You Have It",12,9.16666666666667
"Dr. Dre","The Chronic",16,6.8125
"YBN Nahmir","YBN: The Mixtape",23,4.73913043478261
"Kid Cudi","Man On the Moon III: The Chosen",18,5.94444444444444
"BROCKHAMPTON","iridescence",15,7.06666666666667
"Patrick Cc:, Jonah Zed","Bound 2 Fall - Single",2,52.5
"MIKNNA, Kadhja Bonet, JID, Free Nationals","Free Nationals",13,8.07692307692308
"Fun.","Some Nights",11,9.54545454545454
"Kirk Knight","Black Noise",12,8.66666666666667
"Nas","Illmatic XX",3,34.6666666666667
"Eminem","Kamikaze",14,7.42857142857143
"Kota the Friend","Lyrics to GO, Vol. 3",10,10.4
"6ix9ine","DUMMY BOY",15,6.8
"Big Sean","Dark Sky Paradise",15,6.8
"Famous Dex","Dex Meets Dexter",14,7.14285714285714
"Roddy Ricch","LIVE LIFE FAST",18,5.55555555555556
"VIC MENSA","There's Alot Going On",7,14.2857142857143
"Meek Mill","Wins & Losses",17,5.88235294117647
"Meek Mill","Championships",19,5.21052631578947
"Of Monsters and Men","My Head Is an Animal",13,7.61538461538461
"DJ Khaled","Grateful",22,4.45454545454545
"Juice WRLD","Legends Never Die (Video Version)",14,7
"Logic","No Pressure",15,6.53333333333333
"MadeinTYO","True's World",6,16.1666666666667
"Macklemore & Ryan Lewis","The Heist",19,5.05263157894737
"Pusha T","It's Almost Dry",12,7.83333333333333
"Gucci Mane","Mr. Davis",17,5.52941176470588
"Ski Mask the Slump God","STOKELEY",13,7.23076923076923
"Ariana Grande","Sweetener",15,6.26666666666667
"Gunna","DRIP SEASON 4EVER",19,4.89473684210526
"Logic","Everybody",13,7.15384615384615
"Kirk Knight","IIWII",12,7.66666666666667
"Desiigner","New English",13,7.07692307692308
"tobi lou","tobi lou and the Juice",7,13.1428571428571
"2 Chainz","Rap or Go to the League",14,6.5
"MihTy","MIH-TY",11,8.18181818181818
"Johnny Rain","Idol Blue",16,5.5625
"Joey Bada$$","Waves - Single",2,44.5
"Ariana Grande","thank u, next",12,7.41666666666667
"Drake, 21 Savage","Her Loss",16,5.5
"Gunna","DS4EVER",19,4.57894736842105
"Chance the Rapper","10 Day",14,6.14285714285714
"Mac Miller","Faces",25,3.44
"Nyck @ Knight","Nyck @ Knight",9,9.44444444444444
"T-Pain","Oblivion",16,5.3125
"J. Cole","Cole World - The Sideline Story",11,7.63636363636364
"Chester Watson","Past Cloaks",19,4.42105263157895
"Flyboy Tarantino, Craig Xen","XXXTENTACION Presents: Members Only, Vol. 4",24,3.5
"Jay Rock","90059",9,9.22222222222222
"Tyler, The Creator","Cherry Bomb",11,7.54545454545455
"Tory Lanez","I Told You",6,13.8333333333333
"Eminem","Revival",18,4.61111111111111
"OutKast","Aquemini",3,27
"Chuck Strangers","Consumers Park",14,5.78571428571429
"Roddy Ricch, Mustard","Perfect Ten",2,40.5
"Statik Selektah, Kota the Friend","To Kill a Sunrise",10,8.1
"Comethazine","Bawskee 2",13,6.15384615384615
"Smokepurpp, Murda Beatz","Bless Yo Trap",11,7.27272727272727
"JAY-Z","Magna Carta... Holy Grail",5,16
"Kevin Abstract","American Boyfriend: A Suburban Love Story",7,11.2857142857143
"Dr. Dre","Compton",12,6.58333333333333
"Zacari","Run Wild Run Free",7,11.2857142857143
"J. Cole","The Off-Season",12,6.58333333333333
"The Cure","Kiss Me, Kiss Me, Kiss Me",11,7.09090909090909
"Kirk Knight","Late Knight Special",13,6
"Chester Watson","Project 0",10,7.8
"Polo G","Hall of Fame",21,3.66666666666667
"Hippo Campus","Landmark",3,25.6666666666667
"Drake","Take Care",20,3.85
"Vince Staples","Vince Staples",10,7.6
"Dr. Dre","2001 (Instrumentals Only)",10,7.5
"Bryson Tiller","A Different Christmas",7,10.7142857142857
"Ahmir","Aim to Kill",4,18.75
"Metro Boomin, Big Sean","Double Or Nothing",10,7.4
"Kanye West","Yeezus",9,8.22222222222222
"Danny Brown","uknowhatimsayin?",11,6.72727272727273
"Tyler, The Creator, Nigo, A$AP Rocky","I Know NIGO!",11,6.63636363636364
"DaBaby","KIRK",6,12.1666666666667
"Kenny Beats, 03 Greedo","Netflix & Deal",13,5.61538461538461
"JPEGMAFIA","Veteran",21,3.47619047619048
"Juice WRLD","Fighting Demons",15,4.8
"NAV","RECKLESS",12,6
"Bas","Milky Way",13,5.46153846153846
"Lil Mosey","Northsbest",11,6.45454545454545
"A$AP Ferg","Still Striving",14,5.07142857142857
"Felly","Bad Radio",11,6.36363636363636
"Tee Grizzley","My Moment",13,5.38461538461539
"A Boogie wit da Hoodie","Artist",3,23
"DaBaby","Baby on Baby",4,17.25
"21 Savage","Issa Album",14,4.92857142857143
"Gunna","WUNNA",20,3.45
"BORNS","Dopamine",10,6.8
"Metro Boomin, Future","HEROES & VILLAINS",15,4.53333333333333
"Snoop Dogg","Neva Left",16,4.1875
"6LACK","East Atlanta Love Letter",14,4.71428571428571
"Lupe Fiasco","Lupe Fiasco's The Cool",5,13.2
"Snoop Dogg","BUSH",4,16.25
"whiterosemoxie, Kato On The Track","NOTHING is IDEAL - Single",2,32.5
"YG","STAY DANGEROUS",15,4.33333333333333
"Offset, Metro Boomin","Without Warning",6,10.8333333333333
"Drake","Dark Lane Demo Tapes",14,4.57142857142857
"Kanye West","JESUS IS KING",11,5.72727272727273
"French Montana","Jungle Rules",18,3.5
"A Boogie wit da Hoodie","The Bigger Artist",12,5.25
"MAVI","Let the Sun Talk",13,4.76923076923077
"Jretro","Retro",5,12.4
"The 1975","Being Funny In a Foreign Language",11,5.54545454545455
"SiR","Chasing Summer",6,10.1666666666667
"Khalid","Free Spirit",17,3.58823529411765
"Common","The Dreamer, The Believer",3,20.3333333333333
"Mere Raj","Come Inside It's Getting Dark",5,12
"Van Morrison","Blowin' Your Mind!",8,7.375
"Cage the Elephant","Cage the Elephant",2,29.5
"Lil Yachty","Nuthin' 2 Prove",15,3.93333333333333
"Tee Grizzley","Still My Moment",15,3.93333333333333
"Don Toliver","Heaven Or Hell",12,4.83333333333333
"Desiigner","L.O.D.",7,8.28571428571429
"Jalen Santoy","Charlie Eastern",2,28.5
"50 Cent","Get Rich or Die Tryin'",4,14
"Mura Masa","Mura Masa",4,14
"Quality Control, Lil Baby, DaBaby","Quality Control: Control The Streets, Vol. 2",8,7
"Nas","I Am...",2,27.5
"BJ the Chicago Kid","In My Mind",12,4.58333333333333
"Lil Baby","Street Gossip",4,13.75
"Yeat","2 Alive",20,2.7
"whiterosemoxie","ALL i've HEARD - Single",2,27
"Tory Lanez","DAYSTAR",17,3.17647058823529
"Lance Skiiiwalker","Introverted Intuition",13,4.15384615384615
"James Blake","Assume Form",12,4.41666666666667
"Young Thug","Hear No Evil - Single",3,17.6666666666667
"VIC MENSA","I TAPE",7,7.57142857142857
"Lil Keed","Long Live Mexico",8,6.625
"A Boogie wit da Hoodie","B4 AVA",7,7.42857142857143
"Childish Gambino","""""Awaken, My Love!""""",10,5.1
"Chester Watson","1997",9,5.66666666666667
"Baby Keem","hooligan / sons & critics - Single",2,25.5
"Future","I NEVER LIKED YOU",16,3.125
"Patrick Cc:","24",8,6.125
"Big K.R.I.T.","Cadillactica",14,3.5
"Freddie Gibbs","$oul $old $eparately",15,3.2
"Gunna","Drip Season 3",4,12
"DJ Khaled","KHALED KHALED",3,16
"John Legend","Love in the Future",8,6
"Action Bronson","White Bronco",11,4.36363636363636
"GoldLink","At What Cost",14,3.35714285714286
"Jeremih","Late Nights",3,15.6666666666667
"XXXTENTACION","Revenge",8,5.875
"Yung Bans","Yung Bans Vol. 5",9,5.22222222222222
"Guns N' Roses","Appetite for Destruction (Super Deluxe)",10,4.6
"Kanye West","808s & Heartbreak",7,6.42857142857143
"Lil Uzi Vert","Luv Is Rage",7,6.42857142857143
"Lil Wayne","Tha Carter IV",5,9
"Greta Van Fleet","The Battle at Garden's Gate",8,5.625
"OneRepublic","Waking Up",4,11.25
"KAYTRANADA","99.9%",4,11
"Future","BEASTMODE 2",9,4.88888888888889
"Kill Jasper","Kill",7,6.28571428571429
"Baby Smoove","Mr. Perfect",2,22
"Action Bronson","Mr. Wonderful",3,14.6666666666667
"OutKast","Stankonia",3,14.6666666666667
"CJ Fly","Flytrap",14,3.07142857142857
"H.E.R.","I Used to Know Her: The Prelude",6,7.16666666666667
"Taihaul","Integrity vs. Despair",8,5.375
"The Weeknd","My Dear Melancholy,",6,7.16666666666667
"Kodak Black","Painting Pictures",18,2.38888888888889
"Young Thug, Young Stoner Life","Slime Language",15,2.86666666666667
"Jaden","The Sunset Tapes: A Cool Tape Story",11,3.90909090909091
"midwxst","BACK IN ACTION 3.0",9,4.66666666666667
"Future","EVOL",3,14
"Kodak Black","Lil Big Pac",9,4.66666666666667
"Dion","Runaround Sue",2,21
"Baby Keem","DIE FOR MY BITCH",5,8.2
"Astrel K","Flickering I",2,20.5
"whiterosemoxie","GIVE or TAKE - Single",2,20.5
"Childish Gambino","Kauai",6,6.83333333333333
"Led Zeppelin","Led Zeppelin III (Remastered)",4,10.25
"NAV, Metro Boomin","Perfect Timing",15,2.73333333333333
"Arctic Monkeys","The Car",10,4.1
"twenty one pilots","Blurryface",6,6.66666666666667
"Koi","Fed Up",4,10
"G Herbo","Humble Beast",4,10
"Drake","The Best In The World Pack - Single",2,20
"Ski Mask the Slump God","You Will Regret (Reloaded)",3,13.3333333333333
"Machine Gun Kelly","bloom",13,3.07692307692308
"Nas","God's Son",2,19.5
"Kevin Gates","Islah",5,7.8
"Comethazine","Bawskee",2,19
"Lil Wayne","FWA",5,7.6
"PARTYNEXTDOOR","PARTYNEXTDOOR",2,19
"Young Thug","Punk",20,1.9
"Drake","Scary Hours 2",3,12.6666666666667
"YoungBoy Never Broke Again","Top",3,12.6666666666667
"Radiohead","KID A MNESIA",26,1.42307692307692
"Ariana Grande","My Everything",3,12.3333333333333
"Bobby Shmurda","Shmurda She Wrote",2,18.5
"Nas","Stillmatic",5,7.4
"The Isley Brothers","The Essential Isley Brothers",2,18.5
"Tory Lanez, Snakehips","All My Friends",2,18
"THE CARTERS","EVERYTHING IS LOVE",9,4
"MF DOOM, CZARFACE","Super What?",10,3.6
"Joey Bada$$","The Light Pack - Single",3,11.6666666666667
"Cordae","The Lost Boy",12,2.91666666666667
"Ski Mask the Slump God","BEWARE THE BOOK OF ELI",10,3.4
"KAYTRANADA","BUBBA",17,2
"Chris Brown","F.A.M.E.",3,11.3333333333333
"Maroon 5","Songs About Jane",3,11.3333333333333
"VIC MENSA","The Manuscript",4,8.5
"G-Eazy, Bebe Rexha","When It's Dark Out",2,17
"Chance the Rapper","Acid Rap",11,3
"Common","Be",2,16.5
"Tame Impala","Currents",3,11
"Tyler, The Creator","Goblin",3,11
"Danny Brown","Old",6,5.5
"G Herbo","PTSD",16,2.0625
"Juicy J","Rubba Band Business",13,2.53846153846154
"Disclosure","Settle",2,16.5
"Symere Woods","What Is This?",8,4.125
"YoungBoy Never Broke Again","AI YoungBoy 2",11,2.90909090909091
"Lil Baby","It's Only Me",23,1.39130434782609
"Wale","SHINE",11,2.90909090909091
"Tory Lanez","Sorry 4 What",20,1.6
"Foo Fighters","Wasting Light",2,16
"Future, Drake","What a Time To Be Alive",6,5.33333333333333
"ABBA","ABBA Gold: Greatest Hits",2,15.5
"The Weeknd","Beauty Behind the Madness",5,6.2
"Lil Baby, Drake","Harder Than Ever",3,10.3333333333333
"A Tribe Called Quest","Midnight Marauders",7,4.42857142857143
"Beach House","Once Twice Melody",12,2.58333333333333
"Breakbot","Baby I'm Yours (feat. Irfane) - Single",2,15
"Thundercat","Drunk",2,15
"Roddy Ricch","Feed Tha Streets ll",2,15
"Macklemore","GEMINI",15,2
"Lil Yachty","Lil Boat",5,6
"Pop Smoke","Meet the Woo 2",2,15
"OneRepublic","Native",10,3
"Metro Boomin, 21 Savage","SAVAGE MODE II",15,2
"Eminem","The Eminem Show",5,6
"Seafood Sam","Dior Velour",11,2.63636363636364
"Waka Flocka Flame","Flockaveli",3,9.66666666666667
"Smokepurpp","Florida Jit",3,9.66666666666667
"Neon Trees","Picture Show",4,7.25
"Vince Staples","Prima Donna",7,4.14285714285714
"Young Thug","Slime Season 3",2,14.5
"Travis Scott, Quavo, Lil Uzi Vert","The Fate of the Furious: The Album",2,14.5
"Lil West","Vex Part 2",8,3.625
"Greta Van Fleet","Anthem of the Peaceful Army",4,7
"Kota the Friend","Lyrics to Go, Vol. 1",10,2.8
"Buddy","Ocean & Montana",5,5.6
"Roy Woods","Say Less",16,1.75
"BlocBoy JB","Simi",7,4
"A Tribe Called Quest","The Low End Theory",14,2
"A$AP Ferg","Trap Lord",3,9.33333333333333
"Victor Oladipo","V.O.",8,3.5
"Electric Light Orchestra","All Over the World: The Very Best of Electric Light Orchestra",2,13.5
"GoldLink","And After That, We Didn't Talk",11,2.45454545454545
"Neon Trees","Habits",6,4.5
"The Killers","Hot Fuss",2,13.5
"ALLBLACK","Outcalls",3,9
"Jeezy","Pressure",13,2.07692307692308
"Ugly God","The Booty Tape",10,2.7
"Silk Sonic, Bruno Mars, Anderson .Paak","An Evening With Silk Sonic",9,2.88888888888889
"Drake","Care Package",8,3.25
"The Underachievers","Cellar Door: Terminus Ut Exordium",10,2.6
"Big Sean","Def Jam Presents: Direct Deposit, Vol. 2",9,2.88888888888889
"Gucci Mane","Delusions of Grandeur",18,1.44444444444444
"Mac Miller","K.I.D.S.",2,13
"Big K.R.I.T.","K.R.I.T. IZ HERE",18,1.44444444444444
"The Beach Boys","Sounds of Summer: The Very Best of the Beach Boys",4,6.5
"Black Eyed Peas","The E.N.D. (The Energy Never Dies)",4,6.5
"Earl Sweatshirt","FEET OF CLAY",7,3.57142857142857
"2forwOyNE","Growin' Pains",11,2.27272727272727
"Jason Derulo","Jason Derulo",3,8.33333333333333
"The Kinks","Kinks",2,12.5
"The Notorious B.I.G.","Notorious (Music from and Inspired By the Original Motion Picture) [Deluxe Version]",2,12.5
"D Smoke","Rhythm + Flow Soundtrack: The Final Episode (Music from the Netflix Original Series)",4,6.25
"Olivia Rodrigo","SOUR",2,12.5
"Bruno Mars","Unorthodox Jukebox",4,6.25
"Gerry Rafferty","City to City",2,12
"Maroon 5","It Won't Be Soon Before Long",2,12
"Chance the Rapper","The Big Day",22,1.09090909090909
"Lil Baby","Too Hard",3,8
"Tory Lanez","Alone At Prom",11,2.09090909090909
"DaBaby","BLAME IT ON BABY",13,1.76923076923077
"Vladimir Fedoseyev, Moscow RTV Symphony Orchestra","Beethoven: Eroica and 5th Symphonies",4,5.75
"Bruno Mars","Doo-Wops & Hooligans",7,3.28571428571429
"Travis Scott","ESCAPE PLAN / MAFIA - Single",2,11.5
"Fetty Wap","Fetty Wap",4,5.75
"Gorillaz","Humanz",20,1.15
"David Guetta","Nothing But the Beat",3,7.66666666666667
"David Guetta","One Love",2,11.5
"XXXTENTACION","SKINS",10,2.3
"Drake","Scary Hours",2,11.5
"The Police","The Police (Remastered)",2,11.5
"John Givez","...TO Jalisa",8,2.75
"Snoh Aalegra","FEELS",2,11
"Rihanna","Loud",3,7.33333333333333
"Cage the Elephant","Social Cues",2,11
"Eminem","The Marshall Mathers LP",7,3.14285714285714
"Lil Skies","Unbothered",14,1.57142857142857
"Felly","Young Fel 2",14,1.57142857142857
"Vince Guaraldi Trio","A Charlie Brown Christmas (Original 1965 TV Soundtrack)",8,2.625
"Logic","Confessions of a Dangerous Mind",15,1.4
"Elvis Presley","Elv1s: 30 #1 Hits",2,10.5
"Pitbull, Ne-Yo","Globalization",2,10.5
"Yeah Yeah Yeahs","Heads Will Roll (A-Trak Remix) - Single",2,10.5
"Pusha T, Kanye West, Big Sean, 2 Chainz","Kanye West Presents Good Music Cruel Summer",2,10.5
"YFN Lucci","Long Live Nut",9,2.33333333333333
"Nirvana","Nevermind",3,7
"Amine","Spider-Man: Into the Spider-Verse (Soundtrack From & Inspired by the Motion Picture)",13,1.61538461538462
"Lil Yachty","Summer Songs 2",14,1.5
"Coldplay","Viva la Vida (Prospekt's March Edition)",2,10.5
"Tyler, The Creator","Who Dat Boy / 911 - Single",2,10.5
"B.o.B","B.o.B Presents: The Adventures of Bobby Ray",4,5
"Rich The Kid","BOSS MAN",19,1.05263157894737
"Bazzi","COSMIC",7,2.85714285714286
"Chief Keef","Dedication",15,1.33333333333333
"Meek Mill","Dreams and Nightmares",3,6.66666666666667
"DJ Snake","Encore",3,6.66666666666667
"Black Eyed Peas","Monkey Business",2,10
"American Authors","Oh, What a Life",7,2.85714285714286
"The Script","Science & Faith",2,10
"Flume","Skin",3,6.66666666666667
"Sufjan Stevens","The Age of Adz",2,10
"J. Cole","Cole World: The Sideline Story",11,1.72727272727273
"Ryan Tedder, Far East Movement","Free Wired",2,9.5
"H.E.R.","I Used to Know Her",3,6.33333333333333
"Casey Veggies","Live & Grow",10,1.9
"T.I.","Paper Trail",4,4.75
"Paramore","Paramore",2,9.5
"Pitbull","Planet Pit",3,6.33333333333333
"The Beatles","Please Please Me",2,9.5
"Lorde","Pure Heroine",3,6.33333333333333
"Eminem","Recovery",3,6.33333333333333
"Blaccmass","Starseed",19,1
"JAY-Z, Alicia Keys","The Hits Collection, Vol. One (Deluxe Edition with Videos)",4,4.75
"Smokepurpp","Up Now Fuck Next",2,9.5
"Statik Selektah","8",10,1.8
"Childish Gambino","Camp",4,4.5
"J Dilla","Donuts",5,3.6
"Imagine Dragons","Evolve",12,1.5
"Pop Smoke","Faith",16,1.125
"Drake","Honestly, Nevermind",14,1.28571428571429
"Rapsody","Laila's Wisdom",11,1.63636363636364
"PARTYNEXTDOOR","PARTYPACK",7,2.57142857142857
"Sage the Gemini","Remember Me (Deluxe Booklet Version)",2,9
"Taio Cruz","Rokstarr",3,6
"Khalid","Suncity",7,2.57142857142857
"Drake","Thank Me Later",2,9
"Gucci Mane","The Return of East Atlanta Santa",2,9
"Nico & Vinz","Black Star Elephant",3,5.66666666666667
"Ty Dolla $ign","Campaign",9,1.88888888888889
"Wu-Tang Clan","Enter The Wu-Tang (36 Chambers) [Expanded Edition]",2,8.5
"Breathe Carolina","Hell Is What You Make It: Reloaded",2,8.5
"Flo Rida","My House",3,5.66666666666667
"Usher","Raymond v Raymond",3,5.66666666666667
"Lil Wayne","Tha Carter IV (Complete Edition)",5,3.4
"Frankie Valli & The Four Seasons","The Very Best of Frankie Valli and the Four Seasons",3,5.66666666666667
"iann dior","nothings ever good enough",5,3.4
"Calvin Harris","18 Months",3,5.33333333333333
"Chiddy Bang","Breakfast",3,5.33333333333333
"D Smoke","Inglewood High",3,5.33333333333333
"Usher","Looking 4 Myself",2,8
"Talib Kweli","Radio Silence",11,1.45454545454545
"$uicideboy$","Songsthatwewontgetsuedforbutattheendofthedayweallgonnadieanyway",2,8
"JAY-Z","The Blueprint 3",4,4
"Foster the People","Torches",2,8
"Frank Ocean","channel ORANGE",7,2.28571428571429
"Ed Sheeran","x (Wembley Edition)",4,4
"Lil Nas X","7",2,7.5
"OutKast","ATLiens",2,7.5
"Arctic Monkeys","Favourite Worst Nightmare",2,7.5
"Denzel Curry","Imperial",8,1.875
"Injury Reserve","Injury Reserve",11,1.36363636363636
"Syndicate Sound Labs","Kendrick's Instrumentals, Vol. 1",13,1.15384615384615
"Michael Jackson","Off the Wall",2,7.5
"Daft Punk","Random Access Memories",2,7.5
"SAINt JHN","Roses (Imanbek Remix) - Single",2,7.5
"Imagine Dragons","Smoke + Mirrors",6,2.5
"Wiz Khalifa, Lil Wayne, Imagine Dragons","Suicide Squad: The Album",3,5
"Gym Class Heroes","The Papercut Chronicles II",3,5
"Bad Bunny","Un Verano Sin Ti",2,7.5
"AlunaGeorge","Body Music",2,7
"Daft Punk","Discovery",2,7
"French Montana","Excuse My French",2,7
"Harry Styles","Fine Line",2,7
"Pharrell Williams","G I R L (Japan Version)",2,7
"River Tiber","Indigo",5,2.8
"Justin Bieber","My World 2.0",3,4.66666666666667
"Trick Trick, Royce da 5'9, Eminem, DeJ Loaf, Danny Brown, Big Sean","SHADYXV",2,7
"Lil Wayne","Tha Carter III",2,7
"Jackson 5","The Ultimate Collection",2,7
"Freddie Gibbs","You Only Live 2wice",6,2.33333333333333
"will.i.am, The Script","#3",2,6.5
"Cosmo Pyke","A Piper For Janet",4,3.25
"Coldplay","A Rush of Blood to the Head",2,6.5
"Silk Sonic, Bruno Mars, Anderson .Paak","An Evening with Silk Sonic",5,2.6
"John Mayer","Continuum",3,4.33333333333333
"The Black Keys","Delta Kream",12,1.08333333333333
"Tinie Tempah","Disc-Overy",3,4.33333333333333
"Gucci Mane","El Gato: The Human Glacier",9,1.44444444444444
"BROCKHAMPTON","GINGER",11,1.18181818181818
"Major Lazer","Know No Better",3,4.33333333333333
"Anarbor","Love & Drugs",11,1.18181818181818
"Train","Save Me, San Francisco",2,6.5
"Cher Lloyd","Sticks & Stones",3,4.33333333333333
"The Surfaris","Surfers Rule",2,6.5
"Justin Timberlake","The 20/20 Experience",2,6.5
"DMX","The Best of DMX",3,4.33333333333333
"The Sugarhill Gang","The Essentials: The Sugarhill Gang",2,6.5
"whiterosemoxie","WRITTEN in STONE - Single",2,6.5
"Mir Fontane, Ish Williams","What Would Jose Do?",10,1.3
"Kirk Knight","After Dark",11,1.09090909090909
"Zedd","Clarity",2,6
"Migos","Culture III",6,2
"Nate Ruess","Grand Romantic",2,6
"Maroon 5","Hands All Over",2,6
"SiR","Her Too",6,2
"A Great Big World","Is There Anybody Out There?",2,6
"Skepta","Konnichiwa",3,4
"Led Zeppelin","Led Zeppelin IV (Remastered)",2,6
"Wham!","Make It Big",3,4
"Imagine Dragons","Night Visions",3,4
"Migos","No Label II",3,4
"Common","Nobody's Smiling",2,6
"Ye Ali","Passion & Patience",7,1.71428571428571
"SOB X RBE","SOB X RBE",2,6
"Mumford & Sons","Sigh No More",3,4
"Snoh Aalegra","TEMPORARY HIGHS IN THE VIOLET SKIES",10,1.2
"Jason Derulo","Talk Dirty",3,4
"Foo Fighters","The Colour and the Shape",2,6
"Isaiah Rashad","The House Is Burning [homies begged]",5,2.4
"2 Chainz","The Play Don't Care Who Makes It",3,4
"Flo Rida","Wild Ones",3,4
"Syndicate Sound Labs","Drizzy Instrumentals, Vol. 3",3,3.66666666666667
"Chris Brown","Forever",2,5.5
"Nas","It Was Written",2,5.5
"Jennifer Lopez","LOVE?",2,5.5
"Wiz Khalifa","Laugh Now, Fly Later",10,1.1
"Beastie Boys","Licensed to Ill",2,5.5
"The Notorious B.I.G.","Life After Death",4,2.75
"NF","Mansion",2,5.5
"Travis Scott, Ed Sheeran","No.6 Collaborations Project",4,2.75
"Oh Wonder","Oh Wonder",2,5.5
"Fall Out Boy","Save Rock and Roll",3,3.66666666666667
"Bon Jovi","Slippery When Wet",2,5.5
"Yo Gotti","The Art of Hustle",2,5.5
"Black Eyed Peas","The Beginning",2,5.5
"WALLACE","Wasted.",10,1.1
"Tay-K","#SantanaWorld (+)",3,3.33333333333333
"Dreamville","1-888-88-DREAM - Single",2,5
"Tyler, The Creator","12 Odd Future Songs",3,3.33333333333333
"Bahamas","Bahamas is Afie",2,5
"Wiz Khalifa","Blacc Hollywood",3,3.33333333333333
"Creedence Clearwater Revival","Chronicle: The 20 Greatest Hits",2,5
"Usher","Confessions",2,5
"OneRepublic","Dreaming Out Loud",2,5
"Paul Simon","Graceland (25th Anniversary Deluxe Edition)",8,1.25
"Ab-Soul","Herbert",7,1.42857142857143
"The 1975","I like it when you sleep, for you are so beautiful yet so unaware of it",6,1.66666666666667
"Royksopp","Melody A.M.",2,5
"MF DOOM","Operation: Doomsday (Complete)",2,5
"Maroon 5","Overexposed",4,2.5
"RAGER UNIVERSE","Rager Universe",6,1.66666666666667
"Nick Grant","Return of the Cool",8,1.25
"Drake","So Far Gone",2,5
"Avicii","True",3,3.33333333333333
"Bruno Mars","24K Magic",3,3
"6LACK","6pc Hot EP",3,3
"Rihanna","ANTI",2,4.5
"Mumford & Sons","Babel",2,4.5
"Skrillex","Bangarang",2,4.5
"2 Chainz","Based On a T.R.U. Story",2,4.5
"SZA, Kendrick Lamar","Black Panther: The Album",5,1.8
"PARTYNEXTDOOR","COLOURS 2",4,2.25
"SAINt JHN","Collection One",3,3
"Ab-Soul","Control System",3,3
"Meek Mill","Dreams Worth More Than Money",3,3
"Kodak Black","Dying to Live",2,4.5
"Wiz Khalifa","Fly Times, Vol. 1: The Good Fly Young",7,1.28571428571429
"Tiny Tim","God Bless Tiny Tim",2,4.5
"KA","Honor Killed the Samurai",5,1.8
"Daughtry","Leave This Town",2,4.5
"Aloe Blacc","Lift Your Spirit",3,3
"convolk","Lynda Part 2",5,1.8
"The Black Keys","Magic Potion",2,4.5
"Corbin","Mourn",2,4.5
"Coldplay","Parachutes",2,4.5
"T-Pain, Chuckie","Revolver",2,4.5
"OutKast","Speakerboxxx/The Love Below",2,4.5
"Childish Gambino","Summer Pack - Single",2,4.5
"Nicki Minaj","The Pinkprint (Bonus Tracks)",3,3
"Weezer","Weezer",2,4.5
"SAINt JHN","While The World Was Burning",2,4.5
"Majid Jordan","Wildest Dreams",8,1.125
"Young Rising Sons","Young Rising Sons",2,4.5
"blackbear","deadroses",3,3
"Mike Posner","31 Minutes to Takeoff",2,4
"Molchat Doma","?????",3,2.66666666666667
"The Black Keys","El Camino",2,4
"Sia","Everyday Is Christmas",2,4
"Joey Bada$$, A$AP Rocky","For the Throne (Music Inspired by the HBO Series """"Game of Thrones"""")",2,4
"Pitbull","Global Warming",2,4
"Lil Wayne","I Am Not a Human Being II",3,2.66666666666667
"Led Zeppelin","Led Zeppelin II (Remastered)",4,2
"Lil Pump","Lil Pump",3,2.66666666666667
"N.E.R.D, MIA, Kendrick Lamar","NO ONE EVER REALLY DIES",4,2
"Chester Watson","Nebulous",5,1.6
"Trippie Redd","Pegasus",3,2.66666666666667
"Future","SAVE ME",7,1.14285714285714
"Milky Chance","Sadnecessary",2,4
"N.W.A.","Straight Outta Compton",3,2.66666666666667
"B.o.B","Strange Clouds",2,4
"The Cab","Symphony Soldier",3,2.66666666666667
"JAY-Z","The Blueprint",2,4
"Billy Joel","The Essential Billy Joel",3,2.66666666666667
"Rihanna, Kanye West, JAY-Z","The Hits Collection, Vol. One",3,2.66666666666667
"Russ","There's Really A Wolf",2,4
"Zaytoven","Trapholizay",3,2.66666666666667
"VIC MENSA","U MAD / VENDETTA",6,1.33333333333333
"twenty one pilots","Vessel",3,2.66666666666667
"Denzel Curry","13",5,1.4
"Agaaze","A Portal Inside",7,1
"Black Sheep","A Wolf In Sheep's Clothing",2,3.5
"Leon Bridges","Coming Home",3,2.33333333333333
"Big Sean","Detroit 2",6,1.16666666666667
"Polo G","Die a Legend",2,3.5
"Flying Lotus","Flamagra",2,3.5
"Rihanna","Good Girl Gone Bad: Reloaded",2,3.5
"Lil Wayne, Drake","I Am Not a Human Being",2,3.5
"EST Gee","I Still Dont Feel Nun",2,3.5
"Don Toliver","Life of a DON",2,3.5
"MKTO","MKTO",4,1.75
"KiddNeutron","Neutron!",3,2.33333333333333
"Ronny J","OMGRONNY",3,2.33333333333333
"D Smoke","Rhythm + Flow: Music Videos Episode (Music from the Netflix Original Series)",6,1.16666666666667
"The Beatles","Sgt. Pepper's Lonely Hearts Club Band (Super Deluxe Edition)",7,1
"Jet","Shaka Rock",2,3.5
"LCD Soundsystem","Sound of Silver",2,3.5
"G-Eazy","The Beautiful & Damned",2,3.5
"Hot Chelle Rae","Whatever",2,3.5
"NxWorries","Yes Lawd! Remixes",6,1.16666666666667
"Billie Eilish","dont smile at me",3,2.33333333333333
"tobi lou","tobi lou and the Loop",2,3.5
"Trippie Redd","!",2,3
"Miguel","All I Want Is You",2,3
"Fall Out Boy","American Beauty / American Psycho",3,2
"Van Morrison","Astral Weeks",3,2
"Blaccmass","Dragon Energy",5,1.2
"Common","Finding Forever",2,3
"J. Cole","Forest Hills Drive: Live from Fayetteville, NC",4,1.5
"CGB","Homegrown",3,2
"Lee Bannon, Joey Bada$$","Joey Bada$$ / Pro Era Instrumentals",3,2
"Kid Cudi","Man On the Moon, Vol. II: The Legend of Mr. Rager",4,1.5
"Kid Cudi","Man on the Moon: The End of Day",5,1.2
"Paul McCartney","McCartney II",2,3
"Nelly","Nellyville",2,3
"T.I.","Paperwork",2,3
"Hoodie Allen","People Keep Talking",2,3
"Dreamville","ROTD3.COM - Single",2,3
"Lil Wayne, Kanye West, Eminem, Drake","Relapse: Refill",2,3
"Yung Gravy","Sensational",3,2
"LMFAO","Sorry for Party Rocking",3,2
"The Beach Boys","Surfin' USA",6,1
"P!nk","The Truth About Love",2,3
"mike.","These Days",2,3
"Ed Sheeran","+",2,2.5
"Wale","Ambition",2,2.5
"Rex Orange County","Apricot Princess",4,1.25
"Ty Dolla $ign","Beach House",2,2.5
"Ace Hood","Blood Sweat & Tears",2,2.5
"Bruce Springsteen","Born In the U.S.A.",2,2.5
"Pom Poko","Cheater",3,1.66666666666667
"Johan Granberg","Debut",4,1.25
"Sunny Day Real Estate","Diary (Remastered) [Bonus Track Version]",2,2.5
"MAGIC!","Don't Kill the Magic",2,2.5
"Gucci Mane","Evil Genius",2,2.5
"Jabs","From Me, to You",4,1.25
"Fall Out Boy","From Under the Cork Tree",2,2.5
"SAINt JHN","Ghetto Lenny's Love Songs",4,1.25
"King Los","God, Money, War",2,2.5
"Breathe Carolina","Hell Is What You Make It",3,1.66666666666667
"Four Tops","Hitsville: The Making of Motown (Original Motion Picture Soundtrack)",4,1.25
"The Fray","How to Save a Life",2,2.5
"Nas","Illmatic",4,1.25
"Juice WRLD","Juicewrld 999",5,1
"Travie McCoy","Lazarus",2,2.5
"NxWorries","Link Up & Suede",4,1.25
"24hrs","Night Shift",4,1.25
"Kaash Paige","Parked Car Convos",2,2.5
"Nicki Minaj","Pink Friday ... Roman Reloaded",3,1.66666666666667
"Weezer","Pinkerton",2,2.5
"AWOLNATION","Run",3,1.66666666666667
"John Givez","Soul Rebel",4,1.25
"Dave East","Survival",5,1
"TWENTY88","TWENTY88",4,1.25
"Vendetta, RicoBaby, Mari Mac, Jay Critch, Doe Gwapo","Talk Money Tape 2",5,1
"Rihanna","Talk That Talk",2,2.5
"Lil Wayne","Tha Carter II",4,1.25
"Michael Jackson","The Essential Michael Jackson",2,2.5
"Dame D.O.L.L.A.","The Letter O",4,1.25
"Macklemore","The Unplanned Mixtape",2,2.5
"Lil Durk","The Voice",5,1
"Sia","This Is Acting",2,2.5
"Jeff Rosenstock","We Cool?",3,1.66666666666667
"wifisfuneral","When Hell Falls",3,1.66666666666667
"Bruno Major","A Song for Every Moon",2,2
"G Herbo","Ballin Like I'm Kobe",2,2
"Tom Misch","Beat Tape 1",2,2
"Syndicate Sound Labs","Cole Instrumentals, Vol. 1",4,1
"Panic! At the Disco","Death of a Bachelor",2,2
"Taylor Swift","Fearless",2,2
"Jason Derulo","Future History",2,2
"DJ Khaled","GOD DID",3,1.33333333333333
"Seven Lions, Noah Kahan, Gryffin","Gravity",2,2
"Classified","Handshakes and Middle Fingers",2,2
"Eddie Murphy","How Could It Be",2,2
"A Boogie wit da Hoodie","International Artist",4,1
"Bicep","Isles",3,1.33333333333333
"Knxwledge","Kauliflowr",4,1
"J. Cole","Lewis Street - Single",2,2
"Curtis Roach","Live from the Dorm Room, Vol. 1 - Single",3,1.33333333333333
"Babyface Ray","MIA Season 2",2,2
"dvsn","Morning After",4,1
"Coldplay","Mylo Xyloto",2,2
"REASON","New Beginnings",2,2
"Amir Obe","None of the Clocks Work",3,1.33333333333333
"Ray Vaughn","Peer Pressure - Single",2,2
"SoFaygo","Pink Heartz (Apple Music Up Next Film Edition)",4,1
"Justin Bieber","Purpose",3,1.33333333333333
"Calvin Harris","Revolve (The Deluxe Edition)",2,2
"Pooh Shiesty","Shiesty Season",2,2
"Matstubs","Sonder",2,2
"Spillage Village, JID, EARTHGANG","Spilligion",4,1
"The Beatles","The Beatles (The White Album)",2,2
"Pi'erre Bourne","The Life Of Pi'erre 5",2,2
"Yung Eazy","The Rodeo Project",4,1
"Michael Jackson","Thriller (25th Anniversary)",2,2
"Santana","Ultimate Santana",2,2
"Maroon 5","V",3,1.33333333333333
"Anderson .Paak","Ventura (Instrumentals)",4,1
"OneRepublic","iTunes Session",2,2
"Chief Keef","4NEM",2,1.5
"Broken Bells","After the Disco",2,1.5
"Green Day","American Idiot",3,1
"Robin Thicke","Blurred Lines",2,1.5
"Buddy Holly","Buddy Holly",2,1.5
"MUTEMATH","Changes",2,1.5
"Kygo","Cloud Nine",2,1.5
"Big Sean","Detroit 2 (Deluxe Video Version)",3,1
"Black Eyed Peas","Elephunk",2,1.5
"$NOT","Ethereal",3,1
"The Kid LAROI","F*CK LOVE (SAVAGE)",2,1.5
"DJ Khaled","Father of Asahd",3,1
"Chuck Mangione","Feels So Good",2,1.5
"42 Dugg","Free Dem Boyz",2,1.5
"Wiz Khalifa","Furious 7 (Original Motion Picture Soundtrack)",2,1.5
"T.I., Justin Timberlake","FutureSex/LoveSounds",2,1.5
"Dave East","Hate Me Now",2,1.5
"Beyonce","I Am... Sasha Fierce",2,1.5
"JAY-Z","In My Lifetime, Vol. 1",2,1.5
"KR Official","It Could Happen",3,1
"Maroon 5","JORDI",2,1.5
"JR JR","JR JR",3,1
"Syndicate Sound Labs","Kendrick's Instrumentals, Vol. 2",3,1
"The Beatles","Magical Mystery Tour",2,1.5
"Flo Rida","Mail On Sunday",2,1.5
"Santigold","Master of My Make-Believe",2,1.5
"One Direction","Midnight Memories",2,1.5
"Van Morrison","Moondance",2,1.5
"Eminem","Music To Be Murdered By",2,1.5
"PRhyme","PRhyme",2,1.5
"Londynn B","Reset",2,1.5
"Olly Murs","Right Place Right Time",2,1.5
"Rainbow Kitten Surprise","Rks",2,1.5
"Brenda Lee","Rockin' Around the Christmas Tree",2,1.5
"dvsn","SEPT. 5TH",3,1
"Tanna Leone","Sleepy Soldier",3,1
"Tom The Mail Man","Sometimes Sorry Isn't Enough",3,1
"Kid Cudi","Speedin' Bullet 2 Heaven",3,1
"N.W.A.","Straight Outta Compton [Remastered 2002]",2,1.5
"Kelly Clarkson","Stronger",2,1.5
"Typhoon","Sympathetic Magic",3,1
"Stevie Wonder","The Christmas Collection: The Best of Stevie Wonder",2,1.5
"Matt Martians","The Drum Chord Theory",2,1.5
"Lady Gaga","The Fame",2,1.5
"Jazz Cartier","The Fleur Print",2,1.5
"Nicki Minaj","The Pinkprint (Bonus Video)",2,1.5
"Bing Crosby","White Christmas",3,1
"Tabby","White Trash",2,1.5
"Yung Eazy","""""Extraterrestrial"""" (Astroworld Inspired Instrumentals)",2,1
"Kamaiyah","A Good Night in the Ghetto",2,1
"dvsn","A Muse In Her Feelings",2,1
"Keys N Krates","All Trap Music, Vol. 2",2,1
"Fitz and The Tantrums","All the Feels",2,1
"NAV","Bad Habits",2,1
"Jackson 5","Black Music Month Shuffle Playlist",2,1
"Beach Bunny","Blame Game",2,1
"Third Eye Blind","Blue",2,1
"CARM","CARM",2,1
"Rascal Flatts","Cars (Original Motion Picture Soundtrack)",2,1
"Michael Buble","Christmas (Deluxe 10th Anniversary Edition)",2,1
"6ix9ine","DAY69",2,1
"Dean Martin","Dino: The Essential Dean Martin",2,1
"Blue Oyster Cult","Don't Fear the Reaper: The Best of Blue Oyster Cult",2,1
"King Louie","Drilluminati",2,1
"Rio Da Yung Og, RMC Mike","Dum N Dumbber 3",2,1
"Chris Brown","Fortune",2,1
"Ray Parker Jr.","Ghostbusters (Original Motion Picture Soundtrack)",2,1
"Pitbull","Global Warming: Meltdown",2,1
"Yung Pinch, Yung Bans, Rich Brian, Higher Brothers, Don Krez, 88rising","Head in the Clouds",2,1
"Rhye","Home",2,1
"Zooey Deschanel, Ingrid Michaelson","Ingrid Michaelson's Songs for the Season",2,1
"Knxwledge","Klouds",2,1
"XXXTENTACION","LOOK AT ME: THE ALBUM",2,1
"Led Zeppelin","Led Zeppelin (Remastered)",2,1
"Nas","Life Is Good",2,1
"BROCKBEATS","Lunch Time Sleeps",2,1
"Mac Miller","Macadelic (Remastered Edition)",2,1
"MF DOOM","Mm...Food",2,1
"Verzache","My Head is a Moshpit",2,1
"YG","My Krazy Life",2,1
"Ariana Grande","NOW That's What I Call Music, Vol. 69",2,1
"Jonas Brothers","NOW That's What I Call Music, Vol. 71",2,1
"Wiz Khalifa","O.N.I.F.C.",2,1
"OneRepublic","Oh My My",2,1
"NF","Perception",2,1
"Vanessa, Candace","Phineas and Ferb (Songs from the TV Series)",2,1
"Nicki Minaj","Pink Friday (Complete Edition)",2,1
"Santigold","Santigold",2,1
"Eminem","Shadyxv",2,1
"Kap G","SupaJefe",2,1
"Metallica","The 25th Anniversary Rock & Roll Hall of Fame Concerts (Live) [Bonus Track Version]",2,1
"The Beach Boys","The Beach Boys Today!",2,1
"Smokey Robinson & The Miracles","The Big Chill (Original Motion Picture Soundtrack) [15th Anniversary]",2,1
"AJR","The Click",2,1
"Mack Papi","The Golden Child",2,1
"Eminem","The Slim Shady LP",2,1
"The Doors","The Very Best of The Doors",2,1
"G-Eazy","These Things Happen",2,1
"Richie Allen & The Pacific Surfers","Ultra-Surf Presents: Catch a Wave!",2,1
"YBN Nahmir","VISIONLAND",2,1
"JAY-Z","Vol. 3: Life and Times of S. Carter",2,1
"Thursday","War All the Time",2,1
"LICE","Wasteland: What Ails Our People Is Clear",2,1
"Mac Miller","Watching Movies with the Sound Off",2,1
"Syndicate Sound Labs","Yeezy Instrumentals, Vol. 1",2,1
"Migos","Young Rich N*ggas",2,1
