"Year","Artist","Plays"
"2020","The Weeknd",1316
"2022","Kendrick Lamar",1264
"2020","Travis Scott",1258
"2020","Kanye West",1100
"2022","Kanye West",1038
"2019","Travis Scott",982
"2021","Kanye West",966
"2020","Kid Cudi",956
"2021","Kid Cudi",942
"2021","Baby Keem",929
"2017","Kendrick Lamar",841
"2021","Jack Harlow",803
"2021","The Weeknd",682
"2022","Baby Keem",667
"2020","Bryson Tiller",663
"2019","The Beatles",633
"2018","Logic",602
"2021","Travis Scott",602
"2018","Kendrick Lamar",553
"2019","Drake",544
"2019","Kanye West",498
"2022","Cage The Elephant",497
"2022","Kid Cudi",468
"2021","Drake",464
"2022","Drake",447
"2017","Logic",441
"2022","The Weeknd",431
"2019","Kendrick Lamar",428
"2022","Travis Scott",428
"2021","The Beatles",409
"2020","Drake",402
"2018","Drake",400
"2019","Logic",384
"2018","Travis Scott",379
"2020","Kendrick Lamar",365
"2022","Jack Harlow",361
"2022","The Beatles",346
"2020","Coldplay",339
"2021","Cage The Elephant",322
"2019","Maroon 5",320
"2020","The Beatles",319
"2022","Tyler, The Creator",293
"2017","Drake",289
"2021","Don Toliver",289
"2020","Don Toliver",283
"2021","Coldplay",270
"2019","Queen",261
"2022","Frank Ocean",261
"2017","Future",255
"2017","J. Cole",234
"2022","Joey Bada$$",234
"2021","Kendrick Lamar",225
"2021","Playboi Carti",223
"2022","Roddy Ricch",218
"2017","The Weeknd",212
"2019","The Weeknd",209
"2019","Marshmello",202
"2019","blackbear",201
"2022","Brent Faiyaz",195
"2021","Frank Ocean",191
"2022","Tory Lanez",191
"2022","Queen",189
"2020","Queen",187
"2021","Queen",185
"2020","Maroon 5",173
"2020","Tyler, The Creator",171
"2021","Bryson Tiller",170
"2020","Frank Ocean",169
"2022","Coldplay",165
"2022","Beach House",164
"2022","Playboi Carti",163
"2022","Thundercat",163
"2018","The Weeknd",161
"2017","Calvin Harris",157
"2020","Billie Eilish",155
"2019","NAV",153
"2019","OneRepublic",152
"2018","Eminem",151
"2021","Juice WRLD",149
"2019","J. Cole",146
"2017","blackbear",144
"2018","Post Malone",144
"2022","Rex Orange County",144
"2019","Lil Wayne",143
"2019","Mustard",143
"2022","Calvin Harris",143
"2020","J. Cole",141
"2018","J. Cole",138
"2022","Logic",137
"2019","mike.",135
"2022","Bryson Tiller",133
"2019","Post Malone",132
"2019","Lil Tecca",130
"2021","Calvin Harris",128
"2022","Post Malone",128
"2022","Childish Gambino",124
"2018","Queen",123
"2021","Tyler, The Creator",123
"2022","Juice WRLD",123
"2019","Justin Timberlake",122
"2020","Aretha Franklin",121
"2017","Eminem",119
"2021","Mac Miller",117
"2022","Mac Miller",117
"2017","Kanye West",116
"2019","Ellie Goulding",115
"2022","Miguel",113
"2019","Foster The People",112
"2021","Bryce Vine",112
"2019","Meek Mill",110
"2021","Boston",110
"2022","J. Cole",108
"2018","The Beatles",107
"2020","Marshmello",107
"2020","Miguel",107
"2019","Alina Baraz",106
"2021","Justin Timberlake",105
"2021","A$AP Rocky",104
"2018","Migos",103
"2019","Tory Lanez",103
"2019","Young Thug",101
"2021","Fleetwood Mac",101
"2018","Maroon 5",99
"2020","Post Malone",99
"2022","Maroon 5",99
"2017","Lil Uzi Vert",98
"2022","Hippo Campus",98
"2018","blackbear",97
"2022","Don Toliver",97
"2022","Lil Wayne",97
"2022","XXXTENTACION",97
"2022","Gunna",96
"2019","Lil Mosey",95
"2019","Lil Nas X",95
"2022","Future",95
"2019","Mura Masa",94
"2020","OneRepublic",93
"2022","Larry June",93
"2020","KIDS SEE GHOSTS",92
"2021","Bruno Mars",92
"2020","Tame Impala",90
"2019","Bryson Tiller",89
"2020","Lil Uzi Vert",89
"2020","Logic",89
"2022","Billy Joel",89
"2018","Calvin Harris",88
"2019","Khalid",88
"2019","Chris Brown",86
"2018","SOB X RBE",85
"2019","DaBaby",85
"2019","Yung Gravy",85
"2021","Fitz and The Tantrums",85
"2022","SZA",85
"2020","Young Thug",84
"2021","TOTO",84
"2019","Childish Gambino",83
"2021","The Rolling Stones",83
"2017","Maroon 5",82
"2019","Eminem",82
"2020","Veorra",82
"2021","Pop Smoke",82
"2021","Traffic",82
"2022","Young Thug",81
"2017","Travis Scott",80
"2019","fun.",80
"2021","Miguel",80
"2021","J. Cole",78
"2019","6ix9ine",77
"2022","whiterosemoxie",77
"2017","Childish Gambino",76
"2019","Dizaro",76
"2021","MGMT",76
"2019","Migos",75
"2020","Calvin Harris",75
"2021","Rex Orange County",75
"2019","Calvin Harris",74
"2021","Mura Masa",73
"2022","Migos",73
"2022","Polo G",73
"2021","Future",72
"2017","NAV",71
"2018","Lil Wayne",71
"2019","Zacari",71
"2020","Justin Timberlake",71
"2021","Roddy Ricch",71
"2018","XXXTENTACION",70
"2021","Polo G",70
"2017","21 Savage",69
"2018","Jay Rock",69
"2018","Khalid",69
"2019","Osibih",69
"2020","The Rolling Stones",68
"2020","The Who",68
"2021","KIDS SEE GHOSTS",68
"2022","Bruno Mars",68
"2022","Khalid",68
"2018","Childish Gambino",67
"2021","Maroon 5",67
"2022","Lorde",67
"2019","Avicii",66
"2019","Bas",66
"2020","PARTYNEXTDOOR",66
"2022","Metro Boomin",66
"2017","Post Malone",65
"2021","GoldLink",65
"2021","Khalid",65
"2022","Lil Uzi Vert",65
"2022","Weezer",65
"2021","Led Zeppelin",64
"2018","Kanye West",63
"2019","A Boogie Wit da Hoodie",63
"2020","mike.",63
"2021","Daft Punk",63
"2019","Ariana Grande",62
"2021","JAY-Z",62
"2021","Young Thug",62
"2021","mike.",62
"2021","Saint Motel",61
"2022","Elton John",61
"2022","Marvin Gaye",61
"2019","Shankar-Ehsaan-Loy",60
"2021","Aliotta Haynes Jeremiah",60
"2021","Childish Gambino",60
"2021","Red Hot Chili Peppers",60
"2021","iann dior",60
"2017","DJ Khaled",59
"2021","Vance Joy",59
"2019","Justin Bieber",58
"2020","Lil Wayne",58
"2021","CHASE B",58
"2021","Martin Garrix",58
"2021","OneRepublic",58
"2021","Tom Petty",57
"2022","A$AP Rocky",57
"2022","Electric Light Orchestra",57
"2019","Billie Eilish",56
"2019","YNW Melly",56
"2021","Eagles",56
"2018","Zacari",55
"2020","Blaccmass",55
"2022","Fitz and The Tantrums",55
"2022","Green Day",55
"2022","Ms. Lauryn Hill",55
"2022","Vince Staples",55
"2020","Alina Baraz",54
"2021","Brent Faiyaz",54
"2021","Briston Maroney",54
"2019","NLE Choppa",53
"2019","Roy Woods",53
"2021","Macklemore & Ryan Lewis",53
"2017","Ed Sheeran",52
"2020","fun.",52
"2020","iann dior",52
"2021","David Bowie",52
"2021","Lil Uzi Vert",52
"2021","Quinn XCII",52
"2022","DJ Khaled",52
"2022","Lynyrd Skynyrd",52
"2017","Khalid",51
"2019","Jorja Smith",51
"2020","Billy Joel",51
"2020","Future",51
"2020","Khalid",51
"2020","Led Zeppelin",51
"2021","24kGoldn",51
"2021","BabyJake",51
"2021","Dreamville",51
"2019","YG",50
"2020","Foster The People",50
"2020","JAY-Z",50
"2020","Justin Bieber",50
"2019","Eagles",49
"2020","Ellie Goulding",49
"2020","Tory Lanez",49
"2022","Aries",49
"2022","Pitbull",49
"2022","Trippie Redd",49
"2019","ABBA",48
"2019","Led Zeppelin",48
"2020","Eagles",48
"2020","Juice WRLD",48
"2020","Vance Joy",48
"2021","Post Malone",48
"2021","Tom Petty and the Heartbreakers",48
"2021","fun.",48
"2022","SOB X RBE",48
"2022","ScHoolboy Q",48
"2018","Jorja Smith",47
"2018","Led Zeppelin",47
"2019","DNCE",47
"2020","Jason Derulo",47
"2021","42 Dugg",47
"2021","Billy Joel",47
"2022","Foster The People",47
"2022","JAY-Z",47
"2022","Led Zeppelin",47
"2022","Rihanna",47
"2022","Wallows",47
"2018","G-Eazy",46
"2019","Lil Baby",46
"2020","DaBaby",46
"2021","Masego",46
"2022","Pop Smoke",46
"2016","Jon Bellion",45
"2020","Jimi Hendrix",45
"2021","Pacific Air",45
"2022","Mustard",45
"2017","Camila Cabello",44
"2017","Young Thug",44
"2018","Huncho Jack",44
"2019","21 Savage",44
"2019","Bantu",44
"2020","Mura Masa",44
"2020","Shakira",44
"2021","Don Omar",44
"2021","Rihanna",44
"2022","Lil Baby",44
"2018","Machine Gun Kelly",43
"2018","ScHoolboy Q",43
"2018","Young Thug",43
"2020","Roddy Ricch",43
"2021","Owl City",43
"2022","Daryl Hall & John Oates",43
"2022","Lil Tecca",43
"2017","French Montana",42
"2018","Green Day",42
"2019","Ansel Elgort",42
"2021","Chris Brown",42
"2022","A$AP Mob",42
"2022","Boston",42
"2017","Chance the Rapper",41
"2017","Tyler, The Creator",41
"2019","Black Eyed Peas",41
"2019","Elton John",41
"2019","George Harrison",41
"2019","Joey Bada$$",41
"2019","Mike Posner",41
"2019","SOB X RBE",41
"2020","A Boogie Wit da Hoodie",41
"2020","Creedence Clearwater Revival",41
"2020","Owl City",41
"2020","blackbear",41
"2017","The Beatles",40
"2019","JAY-Z",40
"2020","Bruno Mars",40
"2020","Childish Gambino",40
"2020","Jethro Tull",40
"2021","Lil Tecca",40
"2021","NxWorries",40
"2021","One Direction",40
"2022","A Boogie Wit da Hoodie",40
"2022","Red Hot Chili Peppers",40
"2020","Eminem",39
"2020","NAV",39
"2021","21 Savage",39
"2021","Dua Lipa",39
"2021","Lil Nas X",39
"2021","MKTO",39
"2021","Shankar-Ehsaan-Loy",39
"2022","Arctic Monkeys",39
"2022","BabyTron",39
"2022","Eminem",39
"2022","Fetty Wap",39
"2022","GROUPLOVE",39
"2019","Kodak Black",38
"2019","Panic! At The Disco",38
"2019","Trippie Redd",38
"2019","Twenty One Pilots",38
"2020","A$AP Rocky",38
"2020","Mustard",38
"2021","David Guetta",38
"2022","David Guetta",38
"2022","fun.",38
"2019","Arizona Zervas",37
"2019","Fetty Wap",37
"2020","Electric Light Orchestra",37
"2020","The Police",37
"2021","A.R. Rahman",37
"2021","George Harrison",37
"2021","Internet Money",37
"2021","M83",37
"2022","Fleetwood Mac",37
"2022","Pink Floyd",37
"2022","The Beach Boys",37
"2022","Twista",37
"2022","Wiz Khalifa",37
"2018","Lil Uzi Vert",36
"2019","Creedence Clearwater Revival",36
"2019","John Newman",36
"2019","Metro Boomin",36
"2019","Nicki Minaj",36
"2019","Tee Grizzley",36
"2019","XXXTENTACION",36
"2020","ILOVEMAKONNEN",36
"2021","Arctic Monkeys",36
"2021","Journey",36
"2022","Justin Timberlake",36
"2022","The Jackson 5",36
"2022","midwxst",36
"2017","A Boogie Wit da Hoodie",35
"2017","Joey Bada$$",35
"2018","Meek Mill",35
"2018","Sheck Wes",35
"2019","A$AP Rocky",35
"2019","KYLE",35
"2019","The Police",35
"2019","Tyler, The Creator",35
"2020","A.R. Rahman",35
"2020","David Guetta",35
"2021","Joey Bada$$",35
"2021","Portugal. The Man",35
"2021","The Jackson 5",35
"2022","Jhene Aiko",35
"2022","OneRepublic",35
"2018","2 Chainz",34
"2018","Ariana Grande",34
"2018","Bruno Mars",34
"2018","NAV",34
"2020","Hailee Steinfeld",34
"2021","Mike Posner",34
"2021","The Chainsmokers",34
"2022","Andre Nickatina",34
"2022","Dominic Fike",34
"2022","Majid Jordan",34
"2022","Rae Sremmurd",34
"2022","Tiesto",34
"2017","Lil Wayne",33
"2017","Trey Songz",33
"2018","Big Sean",33
"2019","A.R. Rahman",33
"2019","Noisestorm",33
"2020","Chris Brown",33
"2020","Elton John",33
"2021","B.o.B",33
"2021","CVBZ",33
"2021","Galantis",33
"2021","Lil Baby",33
"2022","Daft Punk",33
"2022","Pacific Air",33
"2017","Halsey",32
"2017","Jason Derulo",32
"2017","Major Lazer",32
"2017","ZAYN",32
"2018","Chris Brown",32
"2019","Hailee Steinfeld",32
"2019","Lynyrd Skynyrd",32
"2019","Machine Gun Kelly",32
"2019","NoMBe",32
"2020","Boston",32
"2020","Bryce Hase",32
"2020","Pacific Air",32
"2021","Metro Boomin",32
"2021","The Doobie Brothers",32
"2022","Mac DeMarco",32
"2016","Eric Bellinger",31
"2017","KYLE",31
"2017","Usher",31
"2021","Dayglow",31
"2021","Ellie Goulding",31
"2021","SZA",31
"2022","Creedence Clearwater Revival",31
"2022","Doja Cat",31
"2022","Selena Gomez",31
"2017","Daft Punk",30
"2017","Macklemore & Ryan Lewis",30
"2018","21 Savage",30
"2018","Future",30
"2018","OneRepublic",30
"2018","Rich The Kid",30
"2018","Vince Staples",30
"2019","Huncho Jack",30
"2019","Lil Uzi Vert",30
"2019","Selena Gomez",30
"2019","Shaan",30
"2020","Brent Faiyaz",30
"2020","Fetty Wap",30
"2020","The Wanted",30
"2021","2 Chainz",30
"2021","Pitbull",30
"2021","The Police",30
"2021","Van Morrison",30
"2022","2 Chainz",30
"2022","Roy Woods",30
"2022","TOTO",30
"2016","Kiiara",29
"2017","Young Money",29
"2018","A$AP Rocky",29
"2018","BlocBoy JB",29
"2018","Camila Cabello",29
"2019","Deraj",29
"2019","Jonas Brothers",29
"2019","Shankar Mahadevan",29
"2020","ABBA",29
"2020","Absofacto",29
"2020","Avicii",29
"2020","Bob Seger",29
"2020","Halsey",29
"2020","Jack Harlow",29
"2020","Jonas Blue",29
"2020","RL Grime",29
"2021","DJ Khaled",29
"2021","Estelle",29
"2021","Weezer",29
"2022","21 Savage",29
"2022","ABBA",29
"2022","Ice Cube",29
"2022","King Harvest",29
"2022","Kodak Black",29
"2022","Masego",29
"2022","Meek Mill",29
"2022","Mura Masa",29
"2022","NAV",29
"2022","Young Stoner Life",29
"2017","Adele",28
"2017","Big Sean",28
"2017","Green Day",28
"2017","Zedd",28
"2018","Avicii",28
"2018","Clean Bandit",28
"2018","Coldplay",28
"2019","Bruno Mars",28
"2019","Bryce Hase",28
"2019","Future",28
"2019","Major Lazer",28
"2019","The Wanted",28
"2020","Crystal Fighters",28
"2020","Green Day",28
"2020","Ryan Trey",28
"2021","The Neighbourhood",28
"2022","42 Dugg",28
"2022","Chance the Rapper",28
"2022","George Harrison",28
"2022","Olympic Ayres",28
"2017","Clean Bandit",27
"2017","Taylor Swift",27
"2019","Aerosmith",27
"2019","Skrillex",27
"2020","Arizona Zervas",27
"2020","THE SCOTTS",27
"2021","Gunna",27
"2021","Jef Miles",27
"2021","Lynyrd Skynyrd",27
"2021","Milky Chance",27
"2022","Declan McKenna",27
"2022","Eagles",27
"2022","Jeremih",27
"2019","Green Day",26
"2019","Roddy Ricch",26
"2019","Wham!",26
"2020","Dreamville",26
"2020","Fleetwood Mac",26
"2020","Internet Money",26
"2020","Playboi Carti",26
"2020","The Velvet Underground",26
"2020","Tom Petty",26
"2020","Yusuf / Cat Stevens",26
"2021","A Boogie Wit da Hoodie",26
"2021","Doja Cat",26
"2021","Giveon",26
"2021","Imagine Dragons",26
"2021","Laffey",26
"2021","NAV",26
"2021","Pi'erre Bourne",26
"2021","Trippie Redd",26
"2022","Black Eyed Peas",26
"2022","Outkast",26
"2022","The Temptations",26
"2016","Foo Fighters",25
"2017","Shawn Mendes",25
"2018","Boston",25
"2018","Fetty Wap",25
"2018","Juice WRLD",25
"2018","Kodak Black",25
"2018","Ty Dolla $ign",25
"2019","Internet Money",25
"2019","Ty Dolla $ign",25
"2020","Roy Woods",25
"2021","Daryl Hall & John Oates",25
"2021","Green Day",25
"2021","Mustard",25
"2021","Neon Trees",25
"2021","PARTYNEXTDOOR",25
"2022","Avicii",25
"2022","GoldLink",25
"2022","JACKBOYS",25
"2022","Mike Posner",25
"2022","boy pablo",25
"2017","Bryson Tiller",24
"2018","Ansel Elgort",24
"2018","DJ Khaled",24
"2018","Guns N' Roses",24
"2018","Tyga",24
"2018","Usher",24
"2019","Billy Joel",24
"2019","Clean Bandit",24
"2019","DJ Khaled",24
"2019","Daft Punk",24
"2019","Dreamville",24
"2019","G-Eazy",24
"2019","Rae Sremmurd",24
"2019","Sub Urban",24
"2019","Tom Petty",24
"2020","Ariana Grande",24
"2020","Shankar-Ehsaan-Loy",24
"2020","Skrillex",24
"2020","Thin Lizzy",24
"2020","Usher",24
"2021","Foster The People",24
"2021","Iyaz",24
"2021","Lil Wayne",24
"2022","2Pac",24
"2022","Bryce Vine",24
"2022","Clean Bandit",24
"2022","Owl City",24
"2022","Sleepy Hallow",24
"2022","Steve Lacy",24
"2022","Swedish House Mafia",24
"2022","Taylor Swift",24
"2022","The Growlers",24
"2022","mike.",24
"2016","Dannic",23
"2017","G-Eazy",23
"2017","XXXTENTACION",23
"2018","Offset",23
"2019","Boston",23
"2019","Coldplay",23
"2019","Comethazine",23
"2019","Jason Derulo",23
"2019","Kris Wu",23
"2020","Bas",23
"2021","Electric Light Orchestra",23
"2021","Jhene Aiko",23
"2021","Robinson",23
"2021","The Mamas & The Papas",23
"2022","Crystal Fighters",23
"2022","Mac Dre",23
"2016","Benny Benassi",22
"2016","Shakira",22
"2018","A$AP Ferg",22
"2018","Aerosmith",22
"2018","Eagles",22
"2018","Lynyrd Skynyrd",22
"2018","NF",22
"2019","Amine",22
"2019","PARTYNEXTDOOR",22
"2019","Sonu Nigam",22
"2020","6ix9ine",22
"2020","Aerosmith",22
"2020","Joe Cocker",22
"2020","Majid Jordan",22
"2020","Mike Posner",22
"2020","Selena Gomez",22
"2021","Alina Baraz",22
"2021","Bon Jovi",22
"2021","Creedence Clearwater Revival",22
"2021","Far East Movement",22
"2021","Jeremih",22
"2021","Jorja Smith",22
"2021","Logic",22
"2021","Roy Woods",22
"2021","Tame Impala",22
"2022","Big Sean",22
"2022","Electric Guest",22
"2022","Gotye",22
"2022","Internet Money",22
"2022","Jay Rock",22
"2022","The Lemonheads",22
"2022","The Rolling Stones",22
"2017","Elton John",21
"2017","Gucci Mane",21
"2017","J Balvin",21
"2017","Justin Bieber",21
"2018","Ab-Soul",21
"2018","Roy Woods",21
"2018","The Wanted",21
"2019","Capital Cities",21
"2020","King Curtis",21
"2020","Kirko Bangz",21
"2020","Lil Mosey",21
"2020","Santana",21
"2020","TOTO",21
"2020","benny blanco",21
"2022","Briston Maroney",21
"2022","Neon Trees",21
"2022","Nirvana",21
"2022","PARTYNEXTDOOR",21
"2022","Tom Petty",21
"2016","Daddy Yankee",20
"2017","OneRepublic",20
"2018","Gucci Mane",20
"2018","Lil Baby",20
"2018","Yung Gravy",20
"2019","Famous Dex",20
"2019","Fleetwood Mac",20
"2019","ILOVEMAKONNEN",20
"2020","Red Hot Chili Peppers",20
"2021","Absofacto",20
"2021","Casiio",20
"2021","Elton John",20
"2021","Lorde",20
"2021","Mr. Probz",20
"2021","Shankar Mahadevan",20
"2021","Shoreline Mafia",20
"2022","Arizona Zervas",20
"2022","BROCKHAMPTON",20
"2022","DNCE",20
"2022","French Montana",20
"2022","Journey",20
"2022","KIDS SEE GHOSTS",20
"2022","MGMT",20
"2022","Michael Jackson",20
"2022","Sainte",20
"2022","The Police",20
"2016","Dada Life",19
"2017","Flo Rida",19
"2018","6LACK",19
"2018","Pacific Air",19
"2018","YG",19
"2019","Electric Light Orchestra",19
"2019","Hoodie Allen",19
"2019","Offset",19
"2019","Robin Bennich",19
"2019","ScHoolboy Q",19
"2020","Daft Punk",19
"2021","6ix9ine",19
"2021","Black Eyed Peas",19
"2021","Jonas Blue",19
"2021","Outkast",19
"2021","Tory Lanez",19
"2022","Billie Eilish",19
"2022","David Bowie",19
"2022","Earth, Wind & Fire",19
"2022","Far East Movement",19
"2022","ILOVEMAKONNEN",19
"2022","John Newman",19
"2022","MKTO",19
"2022","Nicki Minaj",19
"2022","Panic! At The Disco",19
"2022","Ryan Trey",19
"2022","Vance Joy",19
"2016","No Wyld",18
"2017","Vince Staples",18
"2018","Hailee Steinfeld",18
"2018","Kid Cudi",18
"2018","Macklemore & Ryan Lewis",18
"2019","Juice WRLD",18
"2019","SZA",18
"2019","Vishal Dadlani",18
"2019","benny blanco",18
"2020","DNCE",18
"2020","Eric Bellinger",18
"2020","G-Eazy",18
"2020","George Harrison",18
"2020","Lynyrd Skynyrd",18
"2020","Pitbull",18
"2020","R.E.M.",18
"2020","The Band",18
"2021","Lil Mosey",18
"2021","The Beach Boys",18
"2022","Amine",18
"2022","CHASE B",18
"2022","Ludacris",18
"2022","Luniz",18
"2022","Milky Chance",18
"2022","Rich The Kid",18
"2022","Zacari",18
"2016","Gabriel Antonio",17
"2018","Jason Derulo",17
"2018","Russ",17
"2018","SZA",17
"2019","Eamonn Watt",17
"2019","Johannes Bornlof",17
"2020","Death Cab for Cutie",17
"2020","Estelle",17
"2020","Giveon",17
"2020","HYTYD",17
"2020","JiKay",17
"2020","Lil Baby",17
"2020","Osibih",17
"2020","Shankar Mahadevan",17
"2020","Tim Hardin",17
"2020","YNW Melly",17
"2021","Glen Campbell",17
"2021","Halsey",17
"2021","Majid Jordan",17
"2022","Aliotta Haynes Jeremiah",17
"2022","Bon Jovi",17
"2022","Daniel Caesar",17
"2022","Lil Yachty",17
"2016","Alan Walker",16
"2017","Bon Jovi",16
"2017","Coldplay",16
"2017","Majid Jordan",16
"2017","The Script",16
"2018","Bebe Rexha",16
"2018","Ellie Goulding",16
"2018","Justin Timberlake",16
"2018","Zedd",16
"2019","Mac Miller",16
"2019","Sia",16
"2019","Sunidhi Chauhan",16
"2020","Capital Cities",16
"2020","Janis Joplin",16
"2020","K'NAAN",16
"2020","Lorde",16
"2020","Peter Green",16
"2021","ABBA",16
"2021","Blind Faith",16
"2021","Clean Bandit",16
"2021","Meek Mill",16
"2022","Bas",16
"2022","Ben Platt",16
"2022","Chief Keef",16
"2022","Glen Campbell",16
"2022","Jean Dawson",16
"2022","Lil Nas X",16
"2022","Tee Grizzley",16
"2022","The Killers",16
"2022","blackbear",16
"2016","Moxie Raia",15
"2017","Frank Ocean",15
"2018","Adele",15
"2018","Chance the Rapper",15
"2018","Daft Punk",15
"2018","Jaden",15
"2018","Joey Bada$$",15
"2018","Journey",15
"2018","Kris Wu",15
"2019","KISS",15
"2019","Miguel",15
"2019","Neha Kakkar",15
"2019","The Jackson 5",15
"2019","Udit Narayan",15
"2019","boy pablo",15
"2019","will.i.am",15
"2020","Ace Frehley",15
"2020","Country Joe & The Fish",15
"2020","Gotye",15
"2020","Jeremih",15
"2020","John Newman",15
"2020","Johnny Winter",15
"2020","Sly & The Family Stone",15
"2020","Tom Petty and the Heartbreakers",15
"2021","6LACK",15
"2021","Duke Ellington",15
"2021","Fetty Wap",15
"2021","John Newman",15
"2021","KYLE",15
"2021","Labh Janjua",15
"2021","Lata Mangeshkar",15
"2021","Marshmello",15
"2021","Migos",15
"2021","Redbone",15
"2021","SOB X RBE",15
"2021","brillion.",15
"2021","kudo",15
"2022","Beyonce",15
"2022","Dreamville",15
"2022","Huncho Jack",15
"2022","Jaden",15
"2022","Jason Derulo",15
"2022","KYLE",15
"2022","Saint Motel",15
"2022","The Outfield",15
"2016","David Guetta",14
"2016","Lana Del Rey",14
"2017","AJR",14
"2017","Avicii",14
"2017","Kid Ink",14
"2018","Deraj",14
"2018","Macklemore",14
"2019","Bon Jovi",14
"2019","Chad Lawson",14
"2019","Charles Bolt",14
"2019","David Bowie",14
"2019","Elliot Ziegler",14
"2019","Halsey",14
"2019","Macklemore & Ryan Lewis",14
"2019","P-Lo",14
"2019","Phil Collins",14
"2019","TOTO",14
"2020","CHASE B",14
"2020","Charlie Puth",14
"2020","Jefferson Airplane",14
"2020","Joey Bada$$",14
"2020","Luna Shadows",14
"2020","Mr. Probz",14
"2020","Noisestorm",14
"2020","Russ",14
"2020","Sha Na Na",14
"2020","Supertramp",14
"2020","Sweetwater",14
"2020","The Mamas & The Papas",14
"2020","The Temptations",14
"2021","Akon",14
"2021","Aries",14
"2021","Ben Platt",14
"2021","DaBaby",14
"2021","Olivia Rodrigo",14
"2021","Selena Gomez",14
"2021","Vince Staples",14
"2021","Wallows",14
"2021","boy pablo",14
"2022","Andy Grammer",14
"2022","Chris Brown",14
"2022","Ellie Goulding",14
"2022","Jorja Smith",14
"2022","Major Lazer",14
"2022","Old Man Canyon",14
"2022","Ski Mask The Slump God",14
"2022","Souls Of Mischief",14
"2022","Sublime",14
"2022","Van Morrison",14
"2022","YNW Melly",14
"2022","YoungBoy Never Broke Again",14
"2016","Troye Sivan",13
"2017","Machine Gun Kelly",13
"2017","Skrillex",13
"2018","Miguel",13
"2018","Red Hot Chili Peppers",13
"2018","Rihanna",13
"2019","Blueface",13
"2019","Franz Gordon",13
"2019","Gavin Luke",13
"2019","Journey",13
"2019","Kirko Bangz",13
"2019","Max Richter",13
"2019","Nico & Vinz",13
"2019","Rex Orange County",13
"2019","The Temptations",13
"2019","Tomasz Kraal",13
"2019","Wale",13
"2019","Y2K",13
"2019","iann dior",13
"2020","6LACK",13
"2020","Blood, Sweat & Tears",13
"2020","Bruce Springsteen",13
"2020","Crosby, Stills & Nash",13
"2020","Mac Miller",13
"2020","Pop Smoke",13
"2021","Blaccmass",13
"2021","Hoogway",13
"2021","The Wanted",13
"2021","Zacari",13
"2022","6ix9ine",13
"2022","B.o.B",13
"2022","Baby Smoove",13
"2022","G-Eazy",13
"2022","Justin Bieber",13
"2022","Marshmello",13
"2022","Pharrell Williams",13
"2022","Snoop Dogg",13
"2016","Bombs Away",12
"2016","Peking Duk",12
"2016","Sean Paul",12
"2017","A$AP Ferg",12
"2017","Ayo & Teo",12
"2017","Chris Brown",12
"2017","Eagles",12
"2017","Lorde",12
"2017","Pitbull",12
"2017","Playboi Carti",12
"2017","SZA",12
"2018","Tom Petty",12
"2018","Vance Joy",12
"2019","Alexandra Streliski",12
"2019","Anderson .Paak",12
"2019","Beyonce",12
"2019","Eurythmics",12
"2019","Karin Borg",12
"2019","Luh Kel",12
"2019","Polo G",12
"2019","ZAYN",12
"2020","2 Chainz",12
"2020","24kGoldn",12
"2020","Canned Heat",12
"2020","Far East Movement",12
"2020","Labh Janjua",12
"2020","P-Lo",12
"2020","The Chainsmokers",12
"2021","James Vasanthan",12
"2021","Mac DeMarco",12
"2021","Rae Sremmurd",12
"2021","The Lemonheads",12
"2021","Veorra",12
"2022","Bryce Hase",12
"2022","Gorillaz",12
"2022","Gym Class Heroes",12
"2022","Mr. Probz",12
"2022","One Direction",12
"2022","P-Lo",12
"2022","Pusha T",12
"2022","Tame Impala",12
"2022","The Neighbourhood",12
"2022","Thin Lizzy",12
"2022","iann dior",12
"2016","Jewelz",11
"2016","Mike Posner",11
"2016","Outasight",11
"2017","AC/DC",11
"2017","Marshmello",11
"2017","Rich Brian",11
"2017","The Wanted",11
"2018","Bryson Tiller",11
"2018","Lil Dicky",11
"2019","Adam Fincher",11
"2019","Diddy",11
"2019","Ever So Blue",11
"2019","Jay Rock",11
"2019","Joep Beving",11
"2019","Piano Novel",11
"2019","Ramones",11
"2019","Red Hot Chili Peppers",11
"2019","Usher",11
"2019","Wings",11
"2020","David Bowie",11
"2020","Eurythmics",11
"2020","Joan Baez",11
"2020","KISS",11
"2020","Kodak Black",11
"2020","MKTO",11
"2020","Rae Sremmurd",11
"2020","Zacari",11
"2021","Amine",11
"2021","Big Sean",11
"2021","Bob Seger",11
"2021","Shaan",11
"2021","Sigala",11
"2021","The J. Geils Band",11
"2022","Adele",11
"2022","Alina Baraz",11
"2022","Blaccmass",11
"2022","Death Cab for Cutie",11
"2022","Dexys Midnight Runners",11
"2022","Dr. Dre",11
"2022","Flying Lotus",11
"2022","Galantis",11
"2022","JID",11
"2022","Lil Mosey",11
"2022","M.I.A.",11
"2022","Quinn XCII",11
"2022","Russ",11
"2022","Shankar-Ehsaan-Loy",11
"2022","Smino",11
"2022","The Doobie Brothers",11
"2022","The Foundations",11
"2022","Twenty One Pilots",11
"2016","Sia",10
"2017","Bebe Rexha",10
"2017","Charlie Puth",10
"2017","Fetty Wap",10
"2017","Kris Wu",10
"2017","Lil Pump",10
"2018","Dizaro",10
"2018","Kirko Bangz",10
"2018","Marshmello",10
"2018","Mozzy",10
"2018","Skrillex",10
"2018","Taylor Swift",10
"2018","Tyler, The Creator",10
"2019","Daniel Caesar",10
"2019","Far East Movement",10
"2019","Jack Harlow",10
"2019","Oneke",10
"2019","Redbone",10
"2020","Ansel Elgort",10
"2020","Bon Jovi",10
"2020","Chance the Rapper",10
"2020","Clean Bandit",10
"2020","DJ Khaled",10
"2020","Kishore Kumar",10
"2020","Lil Tjay",10
"2020","Major Lazer",10
"2020","Meek Mill",10
"2020","Old Man Canyon",10
"2020","Richie Havens",10
"2020","Ten Years After",10
"2020","The Beach Boys",10
"2020","The Jackson 5",10
"2020","The Paul Butterfield Blues Band",10
"2020","Yes",10
"2021","Daniel Caesar",10
"2021","Dominique Cerejo",10
"2021","Eurythmics",10
"2021","Imran Khan",10
"2021","Jhove",10
"2021","Looking Glass",10
"2021","NF",10
"2021","Sleepy Hallow",10
"2021","blackbear",10
"2022","6LACK",10
"2022","A$AP Ferg",10
"2022","Akon",10
"2022","Big Time Rush",10
"2022","Brenda Lee",10
"2022","Capital Cities",10
"2022","Cl4pers",10
"2022","DRAM",10
"2022","DaBaby",10
"2022","Don Omar",10
"2022","Estelle",10
"2022","JAWNY",10
"2022","NxWorries",10
"2022","Osibih",10
"2022","Portugal. The Man",10
"2022","Radiohead",10
"2022","The Mamas & The Papas",10
"2022","The Vamps",10
"2022","Warren G",10
"2022","X Ambassadors",10
"2016","Ira Wolf",9
"2017","Black Eyed Peas",9
"2017","Fitz and The Tantrums",9
"2017","Macklemore",9
"2018","Ayo & Teo",9
"2018","Demi Lovato",9
"2018","French Montana",9
"2018","ILOVEMAKONNEN",9
"2018","Iyaz",9
"2018","Liam Payne",9
"2018","Major Lazer",9
"2018","Metro Boomin",9
"2018","Pitbull",9
"2018","Ugly God",9
"2018","Young Money",9
"2018","fun.",9
"2019","Aaron Lansing",9
"2019","Andy Mineo",9
"2019","Gloria Gaynor",9
"2019","Gunna",9
"2019","Kylian Rebour",9
"2019","Lambert",9
"2019","Melanie Adler",9
"2019","Moux",9
"2019","Mr. Probz",9
"2019","NF",9
"2019","Novo Talos",9
"2019","Otto A. Totland",9
"2019","Pacific Air",9
"2019","Rhiannon Bannenberg",9
"2019","Rupert Holmes",9
"2019","Samuel Lindon",9
"2019","Taylor Swift",9
"2019","The Script",9
"2020","Aitch",9
"2020","Gunna",9
"2020","Iyaz",9
"2020","John Sebastian",9
"2020","Joni Mitchell",9
"2020","Journey",9
"2020","Lil Tecca",9
"2020","Melanie",9
"2020","Ramones",9
"2020","SOB X RBE",9
"2020","Tee Grizzley",9
"2020","Trippie Redd",9
"2020","Ty Dolla $ign",9
"2020","Vishal Dadlani",9
"2020","YG",9
"2021","Chance the Rapper",9
"2021","Endor",9
"2021","Eric Bellinger",9
"2021","Gesaffelstein",9
"2021","Jaden",9
"2021","Kodhanda Raman",9
"2021","Machine Gun Kelly",9
"2021","P. Susheela",9
"2021","Sonu Nigam",9
"2021","Sunidhi Chauhan",9
"2021","T. M. Soundararajan",9
"2021","The Killers",9
"2022","Ab-Soul",9
"2022","Ariana Grande",9
"2022","Dayglow",9
"2022","Endor",9
"2022","Flo Rida",9
"2022","Imagine Dragons",9
"2022","Isaiah Rashad",9
"2022","Kirko Bangz",9
"2022","Labh Janjua",9
"2022","M83",9
"2022","Pi'erre Bourne",9
"2022","Redbone",9
"2022","Shakira",9
"2022","T-Wayne",9
"2022","The Chainsmokers",9
"2022","The Strokes",9
"2022","Wham!",9
"2022","tsubi club",9
"2017","Demi Lovato",8
"2017","JAY-Z",8
"2017","Queen",8
"2017","Tom Petty",8
"2018","AC/DC",8
"2018","AJR",8
"2018","Amine",8
"2018","Beyonce",8
"2018","Ed Sheeran",8
"2018","Flo Rida",8
"2018","Justin Bieber",8
"2018","Majid Jordan",8
"2018","P!nk",8
"2018","Selena Gomez",8
"2018","Shakira",8
"2019","8th Floor Wide",8
"2019","Adele",8
"2019","Bela Nemeth",8
"2019","Chance the Rapper",8
"2019","Daigo Hanada",8
"2019","Davorka Poljak",8
"2019","Dustin O'Halloran",8
"2019","Frank Ocean",8
"2019","Jack Johnson",8
"2019","Max Swan",8
"2019","Melanie Laurent",8
"2019","Peter Sandberg",8
"2019","Piotr Miteska",8
"2019","Sigri?ur",8
"2019","The Beach Boys",8
"2019","Van Halen",8
"2019","Zedd",8
"2020","DripReport",8
"2020","Huncho Jack",8
"2020","Mountain",8
"2020","Ozzy Osbourne",8
"2020","Van Halen",8
"2020","Wale",8
"2020","Wun Two",8
"2021","Aerosmith",8
"2021","Arizona Zervas",8
"2021","Chief Keef",8
"2021","Crystal Fighters",8
"2021","Del Water Gap",8
"2021","Eminem",8
"2021","Gianni",8
"2021","HM Surf",8
"2021","HYTYD",8
"2021","Huncho Jack",8
"2021","Macklemore",8
"2021","RL Grime",8
"2021","ScHoolboy Q",8
"2021","Taylor Swift",8
"2021","The 1975",8
"2021","Thin Lizzy",8
"2021","Udit Narayan",8
"2021","Wham!",8
"2021","XXXTENTACION",8
"2022","Anderson .Paak",8
"2022","Atomic Drum Assembly",8
"2022","Bastille",8
"2022","Felly",8
"2022","Gloria Gaynor",8
"2022","Hariharan",8
"2022","Katy Perry",8
"2022","Moe",8
"2022","Satyr",8
"2022","Shankar Mahadevan",8
"2022","Sheck Wes",8
"2022","The 1975",8
"2022","Usher",8
"2022","Waka Flocka Flame",8
"2022","Young Money",8
"2022","a-ha",8
"2016","Bassnectar",7
"2016","Cash Cash",7
"2016","Enrique Iglesias",7
"2016","Rihanna",7
"2017","2 Chainz",7
"2017","American Authors",7
"2017","Ariana Grande",7
"2017","Gym Class Heroes",7
"2017","James Arthur",7
"2017","Kid Cudi",7
"2017","Luis Fonsi",7
"2017","Migos",7
"2017","Taio Cruz",7
"2018","6ix9ine",7
"2018","BROCKHAMPTON",7
"2018","Bon Jovi",7
"2018","Capital Cities",7
"2018","Gym Class Heroes",7
"2018","Halsey",7
"2018","Hoodie Allen",7
"2018","Old Man Canyon",7
"2018","Portugal. The Man",7
"2019","Dmitry Evgrafov",7
"2019","James Heather",7
"2019","Jhene Aiko",7
"2019","Lil Yachty",7
"2019","Macklemore",7
"2019","Peter Cavallo",7
"2019","The Neighbourhood",7
"2019","The Rolling Stones",7
"2019","Una Luna",7
"2020","BROCKHAMPTON",7
"2020","Beyonce",7
"2020","Carly Rae Jepsen",7
"2020","Cordae",7
"2020","Daryl Hall & John Oates",7
"2020","GoldLink",7
"2020","Grateful Dead",7
"2020","Jay Rock",7
"2020","Jorja Smith",7
"2020","Lata Mangeshkar",7
"2020","Magic System",7
"2020","Migos",7
"2020","Phil Collins",7
"2020","Redbone",7
"2020","Rupert Holmes",7
"2020","The Doobie Brothers",7
"2020","Wham!",7
"2021","BVG",7
"2021","Bryce Hase",7
"2021","Cordae",7
"2021","KISS",7
"2021","Kainbeats",7
"2021","Living Room",7
"2021","Old Man Canyon",7
"2021","S. P. Balasubrahmanyam",7
"2021","The Temptations",7
"2021","Thouxanbanfauni",7
"2021","Vishal Dadlani",7
"2021","Young Stoner Life",7
"2022","American Authors",7
"2022","Bob Seger",7
"2022","Earl Sweatshirt",7
"2022","Famous Dex",7
"2022","Greta Van Fleet",7
"2022","Gucci Mane",7
"2022","Guns N' Roses",7
"2022","KAYTRANADA",7
"2022","Looking Glass",7
"2022","Machine Gun Kelly",7
"2022","Macklemore & Ryan Lewis",7
"2022","Martin Garrix",7
"2022","NoMBe",7
"2022","Odd Future",7
"2022","Poco",7
"2022","Rejjie Snow",7
"2022","Rupert Holmes",7
"2022","Sada Baby",7
"2022","Sonder",7
"2022","T-Pain",7
"2022","The Backseat Lovers",7
"2022","The Black Keys",7
"2022","The O'Jays",7
"2022","The Wanted",7
"2022","The Who",7
"2022","Train",7
"2022","WESTSIDE BOOGIE",7
"2022","Young Dolph",7
"2022","Yung Gravy",7
"2016","Future",6
"2016","Hardwell",6
"2017","Amine",6
"2017","Boston",6
"2017","Jonas Blue",6
"2017","Journey",6
"2017","Lil Dicky",6
"2018","2Pac",6
"2018","A Boogie Wit da Hoodie",6
"2018","Black Eyed Peas",6
"2018","Cardi B",6
"2018","Cashmere Cat",6
"2018","Famous Dex",6
"2018","Lorde",6
"2018","Trey Songz",6
"2019","Carl Stark Willgold",6
"2019","Flipp Dinero",6
"2019","Jaden",6
"2019","John Lennon",6
"2019","Kid Cudi",6
"2019","Mike WiLL Made-It",6
"2019","Milo Edale",6
"2019","Owl City",6
"2019","Quality Control",6
"2019","Reka Ioescu",6
"2019","Ski Mask The Slump God",6
"2020","21 Savage",6
"2020","Akon",6
"2020","Alan Jackson",6
"2020","Arlo Guthrie",6
"2020","Asha Bhosle",6
"2020","Ben Platt",6
"2020","Dizaro",6
"2020","Hoodie Allen",6
"2020","Lazlow",6
"2020","Louis Armstrong",6
"2020","Matthew Wilder",6
"2020","SZA",6
"2020","Shaan",6
"2020","Summer Walker",6
"2020","TLC",6
"2020","The Incredible String Band",6
"2020","Wings",6
"2020","XXXTENTACION",6
"2021","Aitch",6
"2021","Avicii",6
"2021","Bas",6
"2021","Central Cee",6
"2021","G. V. Prakash",6
"2021","Hailee Steinfeld",6
"2021","Jazz At Lincoln Center Orchestra",6
"2021","Justin Bieber",6
"2021","Kirko Bangz",6
"2021","Kodak Black",6
"2021","Lil Yachty",6
"2021","Neha Kakkar",6
"2021","Nicki Minaj",6
"2021","Rooga",6
"2021","Shordie Shordie",6
"2021","Tee Grizzley",6
"2021","The Growlers",6
"2021","Wasuremono",6
"2021","YNW Melly",6
"2021","softy",6
"2021","tender spring",6
"2022","A.R. Rahman",6
"2022","AC/DC",6
"2022","Alan Aztec",6
"2022","BJ The Chicago Kid",6
"2022","Bakermat",6
"2022","Bobby Helms",6
"2022","Carly Rae Jepsen",6
"2022","Central Cee",6
"2022","Dean Martin",6
"2022","Dua Lipa",6
"2022","Junior Varsity",6
"2022","Kansas",6
"2022","Lorey",6
"2022","Mick Jenkins",6
"2022","Mome Boys",6
"2022","NF",6
"2022","Nico & Vinz",6
"2022","Only The Family",6
"2022","Ozzy Osbourne",6
"2022","Rascal Flatts",6
"2022","SiR",6
"2022","Still Woozy",6
"2022","The J. Geils Band",6
"2022","The Ponderosa Twins Plus One",6
"2022","Thouxanbanfauni",6
"2022","Trey Songz",6
"2022","Ty Dolla $ign",6
"2022","UB40",6
"2022","Van Halen",6
"2022","bell.avi",6
"2016","Big Sean",5
"2016","Ferreck Dawn",5
"2016","Flo Rida",5
"2016","Flume",5
"2016","The Little Ones",5
"2016","The Weeknd",5
"2017","Big Shaq",5
"2017","Dr. Dre",5
"2017","ILOVEMAKONNEN",5
"2017","Justin Timberlake",5
"2017","Kirko Bangz",5
"2017","Offset",5
"2017","P!nk",5
"2018","Fleetwood Mac",5
"2018","GoldLink",5
"2018","Gwen Stefani",5
"2018","Lil Skies",5
"2018","Mac Miller",5
"2018","Nicki Minaj",5
"2018","Pink Floyd",5
"2018","Sam Smith",5
"2018","Shawn Mendes",5
"2018","TOTO",5
"2018","Taio Cruz",5
"2019","Agni Bjark",5
"2019","Aleksy Wysocki",5
"2019","Alexis Ffrench",5
"2019","Bazzi",5
"2019","Berlioz",5
"2019","Berner",5
"2019","Bionda van der Ham",5
"2019","Birdman",5
"2019","BlocBoy JB",5
"2019","Bruno Bavota",5
"2019","Charlie Key",5
"2019","Claire Pinette",5
"2019","Csizmazia Etel",5
"2019","Dimitri Stockl",5
"2019","Eik Octobre",5
"2019","Enno Aare",5
"2019","Eoin Henderson",5
"2019","Eric Badanti",5
"2019","Evelyn Stein",5
"2019","Gabriel Olafs",5
"2019","Gesaffelstein",5
"2019","Guns N' Roses",5
"2019","Harry Bergqvist",5
"2019","Heike Blau",5
"2019","Helene Roche",5
"2019","Jean-Michel Blais",5
"2019","Jen Libby",5
"2019","Jensine Fleischer",5
"2019","Koral Banko",5
"2019","Libor Kolman",5
"2019","Lionel Scardino",5
"2019","MAX",5
"2019","Martin Greenbaum",5
"2019","Matt Stewart-Evans",5
"2019","Maya Astrom",5
"2019","Mia Strass",5
"2019","Minik Jakobsen",5
"2019","Nils Frahm",5
"2019","Odin Sorlie",5
"2019","Once Proven",5
"2019","Otto Wahl",5
"2019","Ozymandias",5
"2019","Paul McCartney",5
"2019","Playboi Carti",5
"2019","Plinki Plonki",5
"2019","Poppy Ackroyd",5
"2019","Regina Mira",5
"2019","Ricki Westberg",5
"2019","Robert Haigh",5
"2019","Rosie Carney",5
"2019","S.A. Karl",5
"2019","SYML",5
"2019","Sabine Paulet",5
"2019","Saddest Girl In The World",5
"2019","Sarah Spring",5
"2019","Sebastian Zawadzki",5
"2019","Sophie Hutchings",5
"2019","Sunday Service Choir",5
"2019","The Arcadian Wild",5
"2019","Valbona Ceferin",5
"2019","Vikingur Olafsson",5
"2019","WALK THE MOON",5
"2019","dvsn",5
"2020","67",5
"2020","Daniel Caesar",5
"2020","Glimlip",5
"2020","Headie One",5
"2020","Imran Khan",5
"2020","Joji",5
"2020","KYLE",5
"2020","Lil Skies",5
"2020","Lil Yachty",5
"2020","NLE Choppa",5
"2020","Nico & Vinz",5
"2020","Omar Apollo",5
"2020","Rejjie Snow",5
"2020","Rich The Kid",5
"2020","Ruel",5
"2020","ScHoolboy Q",5
"2020","Ski Mask The Slump God",5
"2020","Sunidhi Chauhan",5
"2020","The J. Geils Band",5
"2020","The Script",5
"2020","Udit Narayan",5
"2020","Xavier Weeks",5
"2020","monte booker",5
"2021","Amar Arshi",5
"2021","BROCKHAMPTON",5
"2021","Billie Eilish",5
"2021","Dwn2earth",5
"2021","Earth, Wind & Fire",5
"2021","Flovry",5
"2021","GROUPLOVE",5
"2021","Gotye",5
"2021","Grateful Dead",5
"2021","Ilaiyaraaja",5
"2021","JID",5
"2021","Key Glock",5
"2021","LUCKI",5
"2021","Ludwig van Beethoven",5
"2021","Luna Shadows",5
"2021","Osibih",5
"2021","Rainbow",5
"2021","Rich The Kid",5
"2021","S. Janaki",5
"2021","Saba",5
"2021","Sitting Duck",5
"2021","Smino",5
"2021","Snoop Dogg",5
"2021","Suraj Jagan",5
"2021","Swedish House Mafia",5
"2021","The Animals",5
"2021","The Score",5
"2021","Tiesto",5
"2021","Wings",5
"2021","Young Nudy",5
"2021","girl in red",5
"2021","steezy prime",5
"2021","trxxshed",5
"2022","50 Cent",5
"2022","Aaron May",5
"2022","Aerosmith",5
"2022","Benzz",5
"2022","Bruce Springsteen",5
"2022","Curren$y",5
"2022","DVBBS",5
"2022","Fivio Foreign",5
"2022","Jack Johnson",5
"2022","Jay Sean",5
"2022","Jazz Cartier",5
"2022","Jimi Hendrix",5
"2022","Jonas Blue",5
"2022","Kesha",5
"2022","Lata Mangeshkar",5
"2022","Lil Tjay",5
"2022","Lupe Fiasco",5
"2022","MAXXJAMEZ",5
"2022","Magic System",5
"2022","Mike WiLL Made-It",5
"2022","Nas",5
"2022","Phil Collins",5
"2022","REASON",5
"2022","Rainbow",5
"2022","Sam Smith",5
"2022","The Animals",5
"2022","The Game",5
"2022","The Turtles",5
"2022","Veorra",5
"2022","YG",5
"2022","Yukmouth",5
"2022","Zedd",5
"2022","benny blanco",5
"2022","glaive",5
"2022","lorleaf",5
"2016","Avicii",4
"2016","Calvin Harris",4
"2016","Capital Cities",4
"2016","Chocolate Puma",4
"2016","Daft Punk",4
"2016","Gorillaz",4
"2016","Laidback Luke",4
"2016","Meghan Trainor",4
"2016","Pep & Rash",4
"2016","Sweet",4
"2016","Tchami",4
"2017","Guns N' Roses",4
"2017","NF",4
"2017","Portugal. The Man",4
"2018","Death Cab for Cutie",4
"2018","Diddy",4
"2018","Eurythmics",4
"2018","Jhene Aiko",4
"2018","Lil Mosey",4
"2018","Lil Pump",4
"2018","Quality Control",4
"2018","Rascal Flatts",4
"2018","The Turtles",4
"2018","ZAYN",4
"2018","Zo",4
"2019","$NOT",4
"2019","A.K.",4
"2019","Alec Windt",4
"2019","Alida Sorby",4
"2019","American Authors",4
"2019","Ana Olgica",4
"2019","Annebelle Coenraad",4
"2019","Beta Radio",4
"2019","Black Elk",4
"2019","Blue Oyster Cult",4
"2019","Carl Easterling",4
"2019","Christopher Dicker",4
"2019","Dario Marianelli",4
"2019","Darrell Boxman",4
"2019","Duckwrth",4
"2019","Edward Elysseus",4
"2019","Figgy Malone",4
"2019","Flo Rida",4
"2019","Floriscope",4
"2019","Frano Stanic",4
"2019","French Montana",4
"2019","Gabriel Parker",4
"2019","Gian Marco Castro",4
"2019","Hayden Cargile",4
"2019","Heinz Goldblatt",4
"2019","Henrietta Kuipers",4
"2019","Hermann",4
"2019","Hreidar",4
"2019","Hugar",4
"2019","Jacob David",4
"2019","James Spiteri",4
"2019","Jan Kubec",4
"2019","Jeremih",4
"2019","Jitka Kubr",4
"2019","Joji",4
"2019","Josh McCausland",4
"2019","Jozef Gatysik",4
"2019","Julius Aston",4
"2019","Klaus Weissmuller",4
"2019","Kyle McEvoy",4
"2019","Laetitia Dostie",4
"2019","Laura Frey",4
"2019","Leyton Stills",4
"2019","Lo Mimieux",4
"2019","Lorraine J. Kovach",4
"2019","Louis Armstrong",4
"2019","Lucas Vendrai",4
"2019","Lummus Park",4
"2019","Mae Ji-Yoon",4
"2019","Matt van Stern",4
"2019","Mbo Mentho",4
"2019","Ola Gjeilo",4
"2019","Oskar Schuster",4
"2019","Peter Bradley Adams",4
"2019","Petra Birgisdottir",4
"2019","Pink Floyd",4
"2019","Rebour",4
"2019","Relajar",4
"2019","Renato Luigi",4
"2019","Riccardo Lettiere",4
"2019","Romaine LaGrande",4
"2019","Ruben Galloway",4
"2019","Saeko Seki",4
"2019","San Holo",4
"2019","Santo Trevisani",4
"2019","Sergio Diaz De Rojas",4
"2019","Shaun Taylor McManus",4
"2019","Sigimund",4
"2019","Simeon Walker",4
"2019","Slow Fade Sailors",4
"2019","Snow in April",4
"2019","Steven Mudd",4
"2019","Sufi Ellman",4
"2019","Sumsar",4
"2019","The Daydream Club",4
"2019","The Lemonheads",4
"2019","The Strokes",4
"2019","Tom Merrall",4
"2019","Tonie Green",4
"2019","Tosh Moller",4
"2019","Tristan Eckerson",4
"2019","Tyga",4
"2019","Viljar Iversen",4
"2019","Vince Staples",4
"2019","Wiz Khalifa",4
"2019","Zoe de Vera",4
"2019","Zwera",4
"2020","Baby Keem",4
"2020","Bantu",4
"2020","Brooks & Dunn",4
"2020","El Profesor",4
"2020","George Strait",4
"2020","Half Empty",4
"2020","Hardwell",4
"2020","JACKBOYS",4
"2020","JAY VANILLA",4
"2020","Jaden",4
"2020","Jay Sean",4
"2020","Jhene Aiko",4
"2020","Koralle",4
"2020","Macklemore & Ryan Lewis",4
"2020","NF",4
"2020","Neha Kakkar",4
"2020","PnB Rock",4
"2020","Rahat Fateh Ali Khan",4
"2020","Sad Frosty",4
"2020","Salil Chowdhury",4
"2020","Suraj Jagan",4
"2020","Talat Mahmood",4
"2020","The Lemonheads",4
"2020","Train",4
"2020","Twenty One Pilots",4
"2020","Young Money",4
"2020","goosetaf",4
"2021","50 Cent",4
"2021","Aastha Gill",4
"2021","Allman Brothers Band",4
"2021","Bastille",4
"2021","Capital Cities",4
"2021","Cream",4
"2021","Frederic Chopin",4
"2021","Hevi",4
"2021","Ice Cube",4
"2021","Isaiah Rashad",4
"2021","JACKBOYS",4
"2021","JiKay",4
"2021","Jimi Hendrix",4
"2021","Lehmber Hussainpuri",4
"2021","Louis Armstrong",4
"2021","Martin Jensen",4
"2021","Nirvana",4
"2021","P-Lo",4
"2021","Rahat Fateh Ali Khan",4
"2021","Rupert Holmes",4
"2021","S N U G",4
"2021","The Ronettes",4
"2021","The Script",4
"2021","The Who",4
"2021","Van Halen",4
"2021","Vani Jairam",4
"2021","Wynton Marsalis",4
"2021","a-ha",4
"2021","ayokay",4
"2021","cxlt.",4
"2021","fourwalls",4
"2022","Absofacto",4
"2022","Andy Williams",4
"2022","BIGBABYGUCCI",4
"2022","BabyJake",4
"2022","Bad Bunny",4
"2022","Bantu",4
"2022","Boom Clap Bachelors",4
"2022","Busta Rhymes",4
"2022","CZARFACE",4
"2022","Drakeo the Ruler",4
"2022","Empire of the Sun",4
"2022","Eurythmics",4
"2022","Gesaffelstein",4
"2022","Halsey",4
"2022","Iyaz",4
"2022","Jerico",4
"2022","Johnny Cash",4
"2022","Key Glock",4
"2022","Khutko",4
"2022","Kris Wu",4
"2022","Lord Huron",4
"2022","Louis Armstrong",4
"2022","Mike Sherm",4
"2022","Nardo Wick",4
"2022","Neil Diamond",4
"2022","Nikki Lane",4
"2022","ODESZA",4
"2022","Ramones",4
"2022","Rixton",4
"2022","Roosevelt",4
"2022","SamuW",4
"2022","Shaan",4
"2022","Shoreline Mafia",4
"2022","Skrillex",4
"2022","Takeoff",4
"2022","The Score",4
"2022","The Script",4
"2022","Trap Geek",4
"2022","Udit Narayan",4
"2022","VIC MENSA",4
"2022","Valve Studio Orchestra",4
"2022","Vonn the Pariah",4
"2022","Wings",4
"2022","Young Nudy",4
"2022","Young the Giant",4
"2022","harvoYT",4
"2022","monte booker",4
"2016","A$AP Rocky",3
"2016","Coldplay",3
"2016","Kesha",3
"2016","ODESZA",3
"2016","Passion Pit",3
"2016","Pitbull",3
"2016","Royksopp",3
"2016","Sebastian Ingrosso",3
"2016","Timbaland",3
"2017","Aerosmith",3
"2017","Hailee Steinfeld",3
"2017","Kiiara",3
"2017","Soulja Boy",3
"2017","Tee Grizzley",3
"2017","The Chainsmokers",3
"2017","Vitamin String Quartet",3
"2018","A.K.",3
"2018","American Authors",3
"2018","Big Boi",3
"2018","Big Shaq",3
"2018","Charlie Puth",3
"2018","Creedence Clearwater Revival",3
"2018","DNCE",3
"2018","Darius Rucker",3
"2018","Fifth Harmony",3
"2018","Fitz and The Tantrums",3
"2018","Frank Ocean",3
"2018","Frederic Chopin",3
"2018","Kiiara",3
"2018","Ludwig van Beethoven",3
"2018","Mike WiLL Made-It",3
"2018","Rae Sremmurd",3
"2018","San Holo",3
"2018","The Who",3
"2018","Tove Lo",3
"2018","Wale",3
"2019","24kGoldn",3
"2019","6LACK",3
"2019","Adam Counts",3
"2019","Aenor",3
"2019","Andy Gbormittah",3
"2019","Arelius",3
"2019","Aron Edwards",3
"2019","Big Sean",3
"2019","Bobby Shmurda",3
"2019","Bruce Springsteen",3
"2019","Bruno Major",3
"2019","Chinmayi",3
"2019","Cordae",3
"2019","Ed Sheeran & Justin Bieber",3
"2019","Fabrizio Paterlini",3
"2019","Falerina Paquet",3
"2019","Fioretta Rizzo",3
"2019","Gucci Mane",3
"2019","Half Moon Run",3
"2019","Hior Chronik",3
"2019","Ian Wong",3
"2019","Jef Martens",3
"2019","Jim Perkins",3
"2019","Kasper Schill",3
"2019","Kiiara",3
"2019","Layla Frost",3
"2019","Leon Noel",3
"2019","Ludovico Einaudi",3
"2019","MO",3
"2019","Mark Souzek",3
"2019","Nel Brim",3
"2019","Ossie Woods",3
"2019","Peter Broderick",3
"2019","Rahat Fateh Ali Khan",3
"2019","Rihanna",3
"2019","Sam Eber",3
"2019","Sheck Wes",3
"2019","Sigrid Vass",3
"2019","Skizzy Mars",3
"2019","Snoop Dogg",3
"2019","Train",3
"2019","Vontmer",3
"2019","Way Beyond",3
"2019","mzpb",3
"2020","88rising",3
"2020","Amine",3
"2020","Amit Kumar",3
"2020","Bastille",3
"2020","Big Sean",3
"2020","Blue Oyster Cult",3
"2020","Common",3
"2020","Crosby, Stills, Nash & Young",3
"2020","Dominic Fike",3
"2020","Dreamer Boy",3
"2020","Famous Dex",3
"2020","Flight",3
"2020","Flughand",3
"2020","Gloria Gaynor",3
"2020","Gym Class Heroes",3
"2020","IROCC",3
"2020","John Legend",3
"2020","Justin Rarri",3
"2020","Katy Perry",3
"2020","Keef Hartley Band",3
"2020","Kyle Dion",3
"2020","Lehmber Hussainpuri",3
"2020","Mariah Carey",3
"2020","Mark Chesnutt",3
"2020","Metro Boomin",3
"2020","Nicki Minaj",3
"2020","Nujabes",3
"2020","Paul Grant",3
"2020","Phlocalyst",3
"2020","Polo G",3
"2020","Psalm Trees",3
"2020","RLLBTS",3
"2020","ROSALIA",3
"2020","Rainbow",3
"2020","Ravi Shankar",3
"2020","Rvssian",3
"2020","SL",3
"2020","Saltyyyy V",3
"2020","Shuko",3
"2020","Skengdo",3
"2020","Sonu Nigam",3
"2020","Stellar",3
"2020","Still Woozy",3
"2020","Summers Sons",3
"2020","Sunil Dutt",3
"2020","Swae Lee",3
"2020","Taio Cruz",3
"2020","The Memphis Horns",3
"2020","The Zombies",3
"2020","Torky Tork",3
"2020","Tracy Byrd",3
"2020","UMI",3
"2020","UNCOMMENN",3
"2020","a-ha",3
"2021","2Pac",3
"2021","A$AP Ferg",3
"2021","A$AP Mob",3
"2021","AJR",3
"2021","Andy Grammer",3
"2021","Bee Gees",3
"2021","Bert",3
"2021","Big Boi",3
"2021","Bruce Springsteen",3
"2021","Chamath Sangeeth",3
"2021","Chinmayi",3
"2021","Chris Mazuera",3
"2021","D. Savage",3
"2021","DJ Scheme",3
"2021","Denzel Curry",3
"2021","Dontcry",3
"2021","E I S U",3
"2021","Earl Sweatshirt",3
"2021","Ed Sheeran",3
"2021","Fivio Foreign",3
"2021","Flo Rida",3
"2021","Free Nationals",3
"2021","G Mills",3
"2021","Harris Jayaraj",3
"2021","Hippo Campus",3
"2021","IAMPAUL",3
"2021","Jason Derulo",3
"2021","King Harvest",3
"2021","Kishore Kumar",3
"2021","Kota the Friend",3
"2021","Kris Wu",3
"2021","Lil Dicky",3
"2021","Luke Christopher",3
"2021","Luxury Tax",3
"2021","MAX",3
"2021","Mano",3
"2021","Mary Shannon",3
"2021","Mick Jenkins",3
"2021","Mondo Loops",3
"2021","No Spirit",3
"2021","Nvmb.",3
"2021","ODIE",3
"2021","Ozzy Osbourne",3
"2021","P. B. Sreenivas",3
"2021","PLVTINUM",3
"2021","Pink Floyd",3
"2021","Purrple Cat",3
"2021","R. D. Burman",3
"2021","RJMrLA",3
"2021","Raimu",3
"2021","Ramones",3
"2021","San Holo",3
"2021","Shawn Mendes",3
"2021","TLC",3
"2021","Team Astro",3
"2021","The Buttertones",3
"2021","Towerz",3
"2021","Waka Flocka Flame",3
"2021","Wiz Khalifa",3
"2021","X Ambassadors",3
"2021","Zack Fox",3
"2021","amies",3
"2021","dryhope",3
"2021","eugenio izzi",3
"2021","gnash",3
"2021","khoa",3
"2021","mell-o",3
"2021","tobi lou",3
"2022","070 Shake",3
"2022","2 Bandz",3
"2022","24Lik",3
"2022","24kGoldn",3
"2022","Alan Walker",3
"2022","Alex Newell",3
"2022","Bad Lip Reading",3
"2022","Becky G",3
"2022","Bobby Shmurda",3
"2022","Boyish",3
"2022","Bruno Major",3
"2022","Cast - Family Guy",3
"2022","Del Water Gap",3
"2022","Diddy",3
"2022","Don McLean",3
"2022","Dr. Dog",3
"2022","Dreamer Isioma",3
"2022","Eye Knives",3
"2022","FITZ",3
"2022","FWC Big Key",3
"2022","Fall Out Boy",3
"2022","Farruko",3
"2022","Glimlip",3
"2022","James Blake",3
"2022","Jason Mraz",3
"2022","Jef Miles",3
"2022","JiKay",3
"2022","Jost Esser",3
"2022","Keak Da Sneak",3
"2022","Kevin Abstract",3
"2022","Lil Durk",3
"2022","Lil Skies",3
"2022","Little Bruce",3
"2022","Loud Luxury",3
"2022","Louk",3
"2022","Max Drazen",3
"2022","Mozzy",3
"2022","N.E.R.D",3
"2022","NEIKED",3
"2022","No Fun Haus",3
"2022","Oasis",3
"2022","Offset",3
"2022","Paul Simon",3
"2022","Payroll Giovanni & Cardo",3
"2022","PnB Rock",3
"2022","Premo Rice",3
"2022","RL Grime",3
"2022","Rauw Alejandro",3
"2022","Rexx Life Raj",3
"2022","Rod Wave",3
"2022","SHLOK",3
"2022","Saba",3
"2022","Sean Paul",3
"2022","Shawn Mendes",3
"2022","Simon & Garfunkel",3
"2022","Smash Mouth",3
"2022","Soul Legend",3
"2022","Soulja Boy",3
"2022","Starship",3
"2022","Stevie Wonder",3
"2022","Stormzy",3
"2022","Tears For Fears",3
"2022","The Countdown Kids",3
"2022","The Cure",3
"2022","Third Eye Blind",3
"2022","Tommy James & The Shondells",3
"2022","Two Door Cinema Club",3
"2022","Tyga",3
"2022","Uamee",3
"2022","Vampire Weekend",3
"2022","Vistoso Bosses",3
"2022","WZRD",3
"2022","Wasuremono",3
"2022","Yeah Yeah Yeahs",3
"2022","Zack Fox",3
"2022","easy life",3
"2022","girl in red",3
"2022","redveil",3
"2016","DMX",2
"2016","Dzeko & Torres",2
"2016","Example",2
"2016","Fetty Wap",2
"2016","HAIM",2
"2016","Jeremih",2
"2016","Jonas Blue",2
"2016","Jordy Dazz",2
"2016","Knife Party",2
"2016","Major Lazer",2
"2016","Nicky Jam",2
"2016","Nicky Romero",2
"2016","Pierce Fulton",2
"2016","Sub Focus",2
"2016","The Chainsmokers",2
"2016","The Rolling Stones",2
"2016","The Temper Trap",2
"2016","blink-182",2
"2017","Beyonce",2
"2017","Cardi B",2
"2017","Chief Keef",2
"2017","Fifth Harmony",2
"2017","Lana Del Rey",2
"2017","Liam Payne",2
"2017","Ludwig van Beethoven",2
"2017","Lynyrd Skynyrd",2
"2017","Nicki Minaj",2
"2017","Ricegum",2
"2017","Russ",2
"2017","Steppenwolf",2
"2017","The Very Nice Interesting Singer Man",2
"2017","Ty Dolla $ign",2
"2017","Yo Gotti",2
"2018","Adam Counts",2
"2018","Bastille",2
"2018","Bruce Springsteen",2
"2018","Caillou",2
"2018","Claude Debussy",2
"2018","DVBBS",2
"2018","Daniel Caesar",2
"2018","Diary Of Dreams",2
"2018","Elton John",2
"2018","Franz Liszt",2
"2018","Higher Brothers",2
"2018","James Arthur",2
"2018","Johann Sebastian Bach",2
"2018","Lil Yachty",2
"2018","Martin Garrix",2
"2018","Phil Collins",2
"2018","Pusha T",2
"2018","Rick Ross",2
"2018","Tay-K",2
"2018","Tear Da Club Up Thugs",2
"2018","Tee Grizzley",2
"2018","The Animals",2
"2018","The Beach Boys",2
"2018","Tiesto",2
"2018","bbno$",2
"2019","Ace Frehley",2
"2019","Aliotta Haynes Jeremiah",2
"2019","Arctic Monkeys",2
"2019","Ben E. King",2
"2019","Benny Treskow",2
"2019","Brent Faiyaz",2
"2019","Charlie Puth",2
"2019","Charlotte Funke",2
"2019","DRAM",2
"2019","Darius Rucker",2
"2019","Don Toliver",2
"2019","Elvis Presley",2
"2019","JID",2
"2019","Jay Sean",2
"2019","John Legend",2
"2019","John Mayer",2
"2019","Joseph Caleb",2
"2019","Joyner Lucas",2
"2019","Kelly Clarkson",2
"2019","Kevin Abstract",2
"2019","Kido",2
"2019","Leo Sayer",2
"2019","Majid Jordan",2
"2019","Mike Sherm",2
"2019","Nena",2
"2019","PnB Rock",2
"2019","Poco",2
"2019","Preme",2
"2019","Quinn MacKenzie",2
"2019","Ray Hutchcraft",2
"2019","Sage The Gemini",2
"2019","Sam Smith",2
"2019","Shawn Mendes",2
"2019","Shordie Shordie",2
"2019","Srinivas",2
"2019","T-Pain",2
"2019","The Animals",2
"2019","The Foundations",2
"2019","The Lovin' Spoonful",2
"2019","The Tides",2
"2019","Trey Songz",2
"2019","Troye Sivan",2
"2019","Twista",2
"2019","Vicente Fernandez",2
"2019","a-ha",2
"2019","iLOVEFRiDAY",2
"2020","2Pac",2
"2020","88GLAM",2
"2020","A Tribe Called Quest",2
"2020","A$AP Ferg",2
"2020","A.K.",2
"2020","AC/DC",2
"2020","Ab-Soul",2
"2020","Aliotta Haynes Jeremiah",2
"2020","Anthony Drawn",2
"2020","Anti Lilly",2
"2020","Anuradha Paudwal",2
"2020","Asher Roth",2
"2020","Bazzi",2
"2020","Birds Of The West",2
"2020","Black Eyed Peas",2
"2020","Blu",2
"2020","CB",2
"2020","Cream",2
"2020","DaniLeigh",2
"2020","Dave",2
"2020","David Lee Murphy",2
"2020","Depf",2
"2020","Dominique Cerejo",2
"2020","Ed Sheeran",2
"2020","Elaquent",2
"2020","FKJ",2
"2020","Faygogotcash",2
"2020","Felly",2
"2020","FloFilz",2
"2020","G R I Z",2
"2020","Genra",2
"2020","Grand Puba",2
"2020","Handbook",2
"2020","Harlem Spartans",2
"2020","Hast",2
"2020","Huey Daze",2
"2020","Idealism",2
"2020","Iris Temple",2
"2020","Isaiah Rashad",2
"2020","Ivan Ave",2
"2020","James Blake",2
"2020","Jeremy Zucker",2
"2020","Jerry Goldsmith",2
"2020","Jill Scott",2
"2020","Jimmy Buffett",2
"2020","Jo Dee Messina",2
"2020","John Michael Montgomery",2
"2020","Jr. Wellness",2
"2020","Katashi Kaito",2
"2020","Kenny Chesney",2
"2020","Kevoe West",2
"2020","LBL",2
"2020","LEGAXY",2
"2020","Large Professor",2
"2020","Leslie West",2
"2020","Lil Nas X",2
"2020","Loafy Building",2
"2020","Loski",2
"2020","Lost Kids",2
"2020","Love",2
"2020","Loyle Carner",2
"2020","Lukas Graham",2
"2020","Machine Gun Kelly",2
"2020","Made in M",2
"2020","Mary Chapin Carpenter",2
"2020","Max I Million",2
"2020","Michael Buble",2
"2020","Mick Jenkins",2
"2020","Mike WiLL Made-It",2
"2020","Nafe Smallz",2
"2020","Nana",2
"2020","Nat King Cole",2
"2020","Otis Neon",2
"2020","Otis Ubaka",2
"2020","Pachakuti",2
"2020","Pandrezz",2
"2020","Paul Simon",2
"2020","Pete Rock",2
"2020","Pink Floyd",2
"2020","Plusma",2
"2020","Quinte",2
"2020","RINI",2
"2020","RIZ LA VIE",2
"2020","Ray Charles",2
"2020","Reba McEntire",2
"2020","Rex Orange County",2
"2020","Rihanna",2
"2020","Ryan Beatty",2
"2020","SLXWCLXP",2
"2020","Saib",2
"2020","Sammy TQ",2
"2020","Sheck Wes",2
"2020","SiR",2
"2020","Slum Village",2
"2020","Snoop Dogg",2
"2020","Steppenwolf",2
"2020","Sublime",2
"2020","SwuM",2
"2020","Syrup",2
"2020","T-Pain",2
"2020","Ta-ku",2
"2020","Talking Heads",2
"2020","The Alchemist",2
"2020","The All-American Singers",2
"2020","The Mouse Outfit",2
"2020","The Silhouettes Project",2
"2020","Toby Schay",2
"2020","Tom The Mail Man",2
"2020","Trisha Yearwood",2
"2020","Twotrees",2
"2020","Ty Herndon",2
"2020","Tyga",2
"2020","Undagawds",2
"2020","V Jackk",2
"2020","Wyl",2
"2020","Wynonna",2
"2020","YBN Nahmir",2
"2020","Young T & Bugsey",2
"2020","Yung Gravy",2
"2020","Yung Hurn",2
"2020","Zmeyev",2
"2020","ilyTOMMY",2
"2020","lisnn",2
"2020","paris91",2
"2020","sumishii",2
"2021","070 Shake",2
"2021","2 Friends Remixes",2
"2021","AG Club",2
"2021","Aaron May",2
"2021","Alec Benjamin",2
"2021","Andy Williams",2
"2021","Ariana Grande",2
"2021","Asha Bhosle",2
"2021","Axwell /\ Ingrosso",2
"2021","BIGBABYGUCCI",2
"2021","Bantu",2
"2021","Bcalm",2
"2021","Benny Dayal",2
"2021","Bhupen Hazarika",2
"2021","Big Time Rush",2
"2021","BluntOne",2
"2021","Bobby Dreamz BIG",2
"2021","Cap Kendricks",2
"2021","Chavo",2
"2021","Claude Debussy",2
"2021","Cochise",2
"2021","Crosby, Stills & Nash",2
"2021","Curren$y",2
"2021","DNCE",2
"2021","David Shire",2
"2021","Dean Lewis",2
"2021","Dean Martin",2
"2021","Dexys Midnight Runners",2
"2021","Diddy",2
"2021","Dion",2
"2021","Dobie Gray",2
"2021","Dominic Fike",2
"2021","Don Diablo",2
"2021","Dream",2
"2021","Elior",2
"2021","FITZ",2
"2021","Faces",2
"2021","Famous Dex",2
"2021","Frank Sinatra",2
"2021","French Montana",2
"2021","Gene Autry",2
"2021","Goodnyght",2
"2021","H.1",2
"2021","Hast",2
"2021","IDK",2
"2021","ILOVEMAKONNEN",2
"2021","Jatin-Lalit",2
"2021","Jay Rock",2
"2021","John Coltrane",2
"2021","Jose Feliciano",2
"2021","Joyner Lucas",2
"2021","K. J. Yesudas",2
"2021","KC & The Sunshine Band",2
"2021","KSI",2
"2021","Ken Carson",2
"2021","Kevin Gates",2
"2021","Kodaline",2
"2021","Konteks",2
"2021","Kurt Stewart",2
"2021","Lil Skies",2
"2021","Lil Tjay",2
"2021","Lilskrt4k",2
"2021","Lofi Fruits Music",2
"2021","MadeinTYO",2
"2021","Major Lazer",2
"2021","Maluma",2
"2021","Mariah Carey",2
"2021","Mario Judah",2
"2021","Molchat Doma",2
"2021","Moon Taxi",2
"2021","Morgan Wallen",2
"2021","New Order",2
"2021","Olympic Ayres",2
"2021","P. Jayachandran",2
"2021","PRETTYMUCH",2
"2021","Paul McCartney",2
"2021","Pharrell Williams",2
"2021","Philadelphia Orchestra",2
"2021","Phlocalyst",2
"2021","Radiohead",2
"2021","Raphael Lake",2
"2021","Rudimental",2
"2021","S. D. Burman",2
"2021","SL",2
"2021","SSGKobe",2
"2021","SYML",2
"2021","Sam Hunt",2
"2021","Shakira",2
"2021","Sheck Wes",2
"2021","Ski Mask The Slump God",2
"2021","Skrillex",2
"2021","Sleeping At Last",2
"2021","Spencer Hunt",2
"2021","Tank",2
"2021","Tchami",2
"2021","The Barden Bellas",2
"2021","The Kid LAROI",2
"2021","Thirupathi V Sathyanarayana",2
"2021","Thundercat",2
"2021","Tom The Mail Man",2
"2021","Train",2
"2021","TyLuv.",2
"2021","Tyga",2
"2021","Usher",2
"2021","Vince Guaraldi Trio",2
"2021","WALK THE MOON",2
"2021","Yasumu",2
"2021","Young Dolph",2
"2021","Yung Bans",2
"2021","Yvng Jin",2
"2021","Zedd",2
"2021","gianni & kyle",2
"2021","golden era",2
"2021","halfpastseven",2
"2021","less.people",2
"2021","redveil",2
"2022","$uicideboy$",2
"2022","<U+5434><U+4EA6><U+51E1>",2
"2022","A.CHAL",2
"2022","AG Club",2
"2022","Aitch",2
"2022","Alec Benjamin",2
"2022","Alfie Templeman",2
"2022","Anarbor",2
"2022","BEAM",2
"2022","Babyface",2
"2022","Backstreet Boys",2
"2022","Bdcmbio",2
"2022","Bebe Rexha",2
"2022","Bee Gees",2
"2022","Benny The Butcher",2
"2022","Berner",2
"2022","Big Willy Status",2
"2022","Blac Youngsta",2
"2022","Bleachers",2
"2022","BlocBoy JB",2
"2022","Camila Cabello",2
"2022","Cardi B",2
"2022","Carolina Liar",2
"2022","Cashmere Cat",2
"2022","Christina Perri",2
"2022","Christy Nockels",2
"2022","Cobra Starship",2
"2022","Common",2
"2022","CrazyJaZz",2
"2022","DJ Rell",2
"2022","DMX",2
"2022","DUSTY LOCANE",2
"2022","Danger Mouse",2
"2022","Denzel Curry",2
"2022","Dimitri Vegas & Like Mike",2
"2022","Dizaro",2
"2022","Don Fizzy",2
"2022","Drxnk",2
"2022","E-40",2
"2022","EVAN GIIA",2
"2022","Eearz",2
"2022","Elujay",2
"2022","Fifth Harmony",2
"2022","Flipp Dinero",2
"2022","FloFilz",2
"2022","Foo Fighters",2
"2022","Funtahen",2
"2022","GRANDVIEW",2
"2022","Gallery Provence",2
"2022","Giveon",2
"2022","Good Guys Go to Heaven",2
"2022","Grady",2
"2022","Gwen Stefani",2
"2022","HYTYD",2
"2022","Hailee Steinfeld",2
"2022","Hast",2
"2022","HawkOne",2
"2022","Her's",2
"2022","Hoffy Beats",2
"2022","HoodRich Pablo Juan",2
"2022","Hubert Daviz",2
"2022","ICYTWAT",2
"2022","J.O.B",2
"2022","James Arthur",2
"2022","Jay Safari",2
"2022","Jay Worthy",2
"2022","Jmbeatz",2
"2022","KISS",2
"2022","KLIM",2
"2022","Kido",2
"2022","Kishore Kumar",2
"2022","Kool & The Gang",2
"2022","LESKY",2
"2022","LMFAO",2
"2022","Lana Del Rey",2
"2022","Legend Yae",2
"2022","Lichtboje",2
"2022","Lil Dicky",2
"2022","Michael Buble",2
"2022","Mike Dimes",2
"2022","Mistah F.A.B.",2
"2022","Moderator",2
"2022","Modernmadeit",2
"2022","Montana of 300",2
"2022","Mr. Green",2
"2022","NLE Choppa",2
"2022","Nat King Cole",2
"2022","Nia Sultana",2
"2022","Nickelback",2
"2022","No Rome",2
"2022","Oatmello",2
"2022","Olivia Rodrigo",2
"2022","Olly Murs",2
"2022","Onlybino!",2
"2022","PLVTINUM",2
"2022","PRETTYMUCH",2
"2022","PSY",2
"2022","Phigross",2
"2022","Phlocalyst",2
"2022","Plain White T's",2
"2022","Quality Control",2
"2022","Quavo",2
"2022","RJMrLA",2
"2022","RTB MB",2
"2022","Raphael Lake",2
"2022","Rashid Ali",2
"2022","Rick Ross",2
"2022","Ricky Martin",2
"2022","Rio Da Yung Og",2
"2022","Riovaz",2
"2022","Robinson",2
"2022","Rugby Wild",2
"2022","SP-Mato",2
"2022","Sade",2
"2022","Sage The Gemini",2
"2022","Samm Henshaw",2
"2022","Sara Bareilles",2
"2022","ScrewStache",2
"2022","Seb Zillner",2
"2022","Sebastian Kamae",2
"2022","Sigurd Barrett",2
"2022","SleazyWorld Go",2
"2022","Steve Aoki",2
"2022","Strehlow",2
"2022","Styx",2
"2022","Supergrass",2
"2022","T.I.",2
"2022","TLC",2
"2022","Tabi",2
"2022","Taio Cruz",2
"2022","Tay-K",2
"2022","The All-American Rejects",2
"2022","The Byrds",2
"2022","The Clash",2
"2022","The Kid LAROI",2
"2022","The Notorious B.I.G.",2
"2022","The Ronettes",2
"2022","The Vines",2
"2022","The Wombats",2
"2022","Theophilus London",2
"2022","Tony Bennett",2
"2022","Tove Lo",2
"2022","Trap Remix Guys",2
"2022","Trdee",2
"2022","Trisha Mohring",2
"2022","V.I.C.",2
"2022","Vani Jairam",2
"2022","Verzache",2
"2022","Wheels on the Bus",2
"2022","White Town",2
"2022","YBN Nahmir",2
"2022","Yebba",2
"2022","Yvng Jin",2
"2022","Zmeyev",2
"2022","bill clesen",2
"2022","flamingo zamperoni",2
"2022","papichuloteej",2
"2022","will.i.am",2
"2016","Antonio Giacca",1
"2016","Ariana Grande",1
"2016","Axwell /\ Ingrosso",1
"2016","Borgeous",1
"2016","Bryson Tiller",1
"2016","CAZZETTE",1
"2016","Childish Gambino",1
"2016","Chris Brown",1
"2016","DJ Khaled",1
"2016","DJ Snake",1
"2016","Deorro",1
"2016","Desiigner",1
"2016","Don Diablo",1
"2016","Drake",1
"2016","Duke Dumont",1
"2016","Dustin Lenji",1
"2016","Elephante",1
"2016","Fedde Le Grand",1
"2016","Fifth Harmony",1
"2016","Filter",1
"2016","Flosstradamus",1
"2016","Franky Rizardo",1
"2016","Going Deeper",1
"2016","Gregor Salto",1
"2016","Hailee Steinfeld",1
"2016","Helios",1
"2016","Hippie Sabotage",1
"2016","J Alvarez",1
"2016","JAY-Z",1
"2016","Jamie Foxx",1
"2016","John Legend",1
"2016","Kehlani",1
"2016","Kill The Buzz",1
"2016","Korn",1
"2016","Krewella",1
"2016","Lady Gaga",1
"2016","Lost Kings",1
"2016","Luny Tunes",1
"2016","M-Cubed",1
"2016","M.I.A.",1
"2016","MORTEN",1
"2016","Maceo Plex",1
"2016","Macklemore & Ryan Lewis",1
"2016","Marnik",1
"2016","Massive Attack",1
"2016","Matt Simons",1
"2016","Melanie Martinez",1
"2016","Miley Cyrus",1
"2016","Natalie La Rose",1
"2016","Nico & Vinz",1
"2016","Paris & Simo",1
"2016","Patrick O'Hearn",1
"2016","Pusha T",1
"2016","Pusher",1
"2016","RY X",1
"2016","Rain Man",1
"2016","Robin Schulz",1
"2016","SLUMBERJACK",1
"2016","Salt-N-Pepa",1
"2016","Seven Lions",1
"2016","Skrillex",1
"2016","Steve Angello",1
"2016","Timeflies",1
"2016","Tinashe",1
"2016","Tom Odell",1
"2016","Trevor Jackson",1
"2016","Wiz Khalifa",1
"2016","Zedd",1
"2016","Zion & Lennox",1
"2016","gnash",1
"2017","2015 Dynamo Hitz",1
"2017","Aad",1
"2017","Alicia Keys",1
"2017","BTS",1
"2017","Bhad Bhabie",1
"2017","Blue Swede",1
"2017","Bruno Mars",1
"2017","CNCO",1
"2017","Chanel West Coast",1
"2017","DJ Boss Man",1
"2017","Death Cab for Cutie",1
"2017","Dido",1
"2017","Diggy",1
"2017","Ella Eyre",1
"2017","Eric Paslay",1
"2017","Florida Georgia Line",1
"2017","GoldLink",1
"2017","Iggy Azalea",1
"2017","Imagine Dragons",1
"2017","Jake Paul",1
"2017","Jeremy Zucker",1
"2017","John Lennon",1
"2017","Julie Andrews",1
"2017","Kaaris",1
"2017","Kevin Gates",1
"2017","Kodak Black",1
"2017","Kygo",1
"2017","Lady Gaga",1
"2017","Leezy",1
"2017","Leona Lewis",1
"2017","Lil Xan",1
"2017","Mad Squablz",1
"2017","Madison Hughes",1
"2017","Manic Street Preachers",1
"2017","Moe Vision",1
"2017","NGO",1
"2017","Neil Diamond",1
"2017","One Direction",1
"2017","Our Last Night",1
"2017","PNL",1
"2017","Pep & Rash",1
"2017","Phantom Planet",1
"2017","Rick Ross",1
"2017","Rita Ora",1
"2017","Roy Woods",1
"2017","Run-D.M.C.",1
"2017","Sam Smith",1
"2017","Sammy Adams",1
"2017","Selena Gomez",1
"2017","Sha Mula",1
"2017","Survivor",1
"2017","Susan Egan",1
"2017","TOTO",1
"2017","Tay-K",1
"2017","Tom Walker",1
"2017","WINNER",1
"2017","Waka Flocka Flame",1
"2017","Wynn",1
"2017","YFN Lucci",1
"2018","$uicideboy$",1
"2018","5 Seconds of Summer",1
"2018","<U+5434><U+4EA6><U+51E1>",1
"2018","A.CHAL",1
"2018","A.R. Rahman",1
"2018","Ankitha",1
"2018","Arctic Monkeys",1
"2018","B Lou",1
"2018","Bad Bunny",1
"2018","Baka Not Nice",1
"2018","Bo Burnham",1
"2018","Brett Eldredge",1
"2018","Brothers Osborne",1
"2018","Cordae",1
"2018","DaBoii",1
"2018","Dame D.O.L.L.A",1
"2018","Daniel Barenboim",1
"2018","Dean Lewis",1
"2018","Desiigner",1
"2018","DragonForce",1
"2018","E-40",1
"2018","Edith Piaf",1
"2018","Florida Georgia Line",1
"2018","G Perico",1
"2018","Glades",1
"2018","HYTYD",1
"2018","Hard Bass School",1
"2018","Ima Robot",1
"2018","J Balvin",1
"2018","Jeremih",1
"2018","Joey Trap",1
"2018","Jordan Mackampa",1
"2018","KIDS SEE GHOSTS",1
"2018","KYLE",1
"2018","Kaskade",1
"2018","Keala Settle",1
"2018","Kristal Gandhi",1
"2018","Lana Del Rey",1
"2018","Lecrae",1
"2018","Lil Broomstick",1
"2018","Lil Xan",1
"2018","London On Da Track",1
"2018","Ludwig Goransson",1
"2018","Lupe Fiasco",1
"2018","Maggie Lindemann",1
"2018","Mariah Carey",1
"2018","Matt Terry",1
"2018","Modest Mouse",1
"2018","N.E.R.D",1
"2018","Nas",1
"2018","Nath Brooks",1
"2018","Nirvana",1
"2018","Partenaire Particulier",1
"2018","Paul Rosenberg",1
"2018","Penn Masala",1
"2018","Quavo",1
"2018","Quinn XCII",1
"2018","R3HAB",1
"2018","Radiohead",1
"2018","Rakim",1
"2018","Randy Newman",1
"2018","Ray Stevens",1
"2018","Redbone",1
"2018","Rex Orange County",1
"2018","Rich Brian",1
"2018","Rick Astley",1
"2018","Rob $tone",1
"2018","Sam Hunt",1
"2018","Saweetie",1
"2018","Sea in the Sky",1
"2018","ShiShi",1
"2018","Shoreline Mafia",1
"2018","Ski Mask The Slump God",1
"2018","Styx",1
"2018","Survivor",1
"2018","Takeoff",1
"2018","Teyana Taylor",1
"2018","The Carters",1
"2018","The Jackson 5",1
"2018","The-Dream",1
"2018","Trippie Redd",1
"2018","Troye Sivan",1
"2018","Vennu Mallesh",1
"2018","Victor Oladipo",1
"2018","Walmart Yodel Kid",1
"2018","Wet",1
"2018","Wiz Khalifa",1
"2018","YBN Nahmir",1
"2018","YoungBoy Never Broke Again",1
"2018","Zo Val",1
"2018","at Wendys",1
"2019","147 CalBoy",1
"2019","2 Chainz",1
"2019","38 Special",1
"2019","83 Babies",1
"2019","88-Keys",1
"2019","88rising",1
"2019","9lokknine",1
"2019","A$AP Ferg",1
"2019","AC/DC",1
"2019","Aastha Gill",1
"2019","Ab-Soul",1
"2019","Absofacto",1
"2019","Akon",1
"2019","Al Green",1
"2019","Amaal Mallik",1
"2019","Amar Arshi",1
"2019","Ambjaay",1
"2019","Amy-Leigh Williamson",1
"2019","Angele",1
"2019","Antologie",1
"2019","Arijit Singh",1
"2019","Aron Risa",1
"2019","Atif Aslam",1
"2019","BORNS",1
"2019","Badshah",1
"2019","Bee Gees",1
"2019","Ben Platt",1
"2019","Bernard Herrmann",1
"2019","Billy Squier",1
"2019","Bob Dylan",1
"2019","Bobby Helms",1
"2019","Carly Rae Jepsen",1
"2019","Carrie Underwood",1
"2019","Conan Gray",1
"2019","Cub Sport",1
"2019","Cuco",1
"2019","Denzel Curry",1
"2019","Dion",1
"2019","Don McLean",1
"2019","Duki",1
"2019","EARTHGANG",1
"2019","EAST AV3",1
"2019","Eagle-Eye Cherry",1
"2019","Earth, Wind & Fire",1
"2019","Emanuel Fremont",1
"2019","Eric Reprid",1
"2019","Flying Lotus",1
"2019","Frank Sinatra",1
"2019","Glass Animals",1
"2019","Goody Grace",1
"2019","Gustavo Santaolalla",1
"2019","Gwen Stefani",1
"2019","Hopsin",1
"2019","Imagine Dragons",1
"2019","Isaiah Rashad",1
"2019","Jens Wechsler",1
"2019","Jeremy Zucker",1
"2019","John Denver",1
"2019","KILLY",1
"2019","Katy Perry",1
"2019","Kenny Loggins",1
"2019","Kuwada",1
"2019","Kyle Dixon & Michael Stein",1
"2019","Lana Del Rey",1
"2019","Lauv",1
"2019","Leo Finka",1
"2019","Lil Dicky",1
"2019","Lil He77",1
"2019","Lil Skies",1
"2019","London On Da Track",1
"2019","Looking Glass",1
"2019","Lorde",1
"2019","Loverboy",1
"2019","Mac Ayres",1
"2019","MadeinTYO",1
"2019","MarMar Oso",1
"2019","Mariah Carey",1
"2019","Marvin Gaye",1
"2019","Maxo Kream",1
"2019","Michael Jackson",1
"2019","Michael Scott Fan Club",1
"2019","Mohit Chauhan",1
"2019","Muriel Bostdorp",1
"2019","Nebu Kiniza",1
"2019","Nico Segal",1
"2019","OMI",1
"2019","Ozzy Osbourne",1
"2019","P!nk",1
"2019","Peter Schilling",1
"2019","Petit Biscuit",1
"2019","Pitbull",1
"2019","Quavo",1
"2019","Quinn XCII",1
"2019","R.E.M.",1
"2019","RichaadEB",1
"2019","Rob $tone",1
"2019","Rosemary Wilkinson",1
"2019","Roy Orbison",1
"2019","SHLOK",1
"2019","Sammy Shiblaq",1
"2019","Scorpions",1
"2019","Seals and Crofts",1
"2019","Smash Mouth",1
"2019","Smokepurpp",1
"2019","Sofia Carson",1
"2019","Stunna 4 Vegas",1
"2019","Sukhwinder Singh",1
"2019","Suraj Jagan",1
"2019","System Of A Down",1
"2019","Taco",1
"2019","Tame Impala",1
"2019","Tears For Fears",1
"2019","The 1975",1
"2019","The Backseat Lovers",1
"2019","The Clash",1
"2019","The Del-Vikings",1
"2019","The Game",1
"2019","The Grass Roots",1
"2019","The Killers",1
"2019","The Thrills",1
"2019","The Turtles",1
"2019","Thin Lizzy",1
"2019","Tom Petty and the Heartbreakers",1
"2019","Tony Orlando & Dawn",1
"2019","Triumph",1
"2019","Vance Joy",1
"2019","WESTSIDE BOOGIE",1
"2019","YBN Nahmir",1
"2019","YNW BSlime",1
"2019","Young Nudy",1
"2019","Yung Simmie",1
"2019","lil ricefield",1
"2019","tobi lou",1
"2020","03 Greedo",1
"2020","2nd Exit",1
"2020","30",1
"2020","3OH!3",1
"2020","7apes",1
"2020","Aaron May",1
"2020","Action Pack",1
"2020","Adnan Sami",1
"2020","Agatino Romero",1
"2020","Air Supply",1
"2020","Alextbh",1
"2020","Amar Arshi",1
"2020","Ambush Buzzworl",1
"2020","Anderson .Paak",1
"2020","Anti Lilly & Phoniks",1
"2020","Asdek",1
"2020","Awon",1
"2020","B-Side",1
"2020","B.o.B",1
"2020","Bachman-Turner Overdrive",1
"2020","Bankrol Hayden",1
"2020","Barlito",1
"2020","BassBears",1
"2020","Bassnectar",1
"2020","Bei Ru",1
"2020","Bellecour",1
"2020","Ben Beal",1
"2020","Benny Camaro",1
"2020","Benny Dayal",1
"2020","Bill adlib",1
"2020","Billy Marchiafava",1
"2020","Billy Ray Cyrus",1
"2020","Biskwiq",1
"2020","Black Star",1
"2020","Blu & Exile",1
"2020","Blue Wednesday",1
"2020","Blueface",1
"2020","Board-Man",1
"2020","Bob Dylan",1
"2020","Bobbi Humphrey",1
"2020","Britney Spears",1
"2020","Bryce Vine",1
"2020","Burrito Brown",1
"2020","C1",1
"2020","CJ",1
"2020","CRAY",1
"2020","Cap Kendricks",1
"2020","Capital Bra",1
"2020","Carl Perkins",1
"2020","Cascada",1
"2020","Cautious Clay",1
"2020","Chancla",1
"2020","Cheap Trick",1
"2020","Chicago",1
"2020","Chief Keef",1
"2020","Chill Beats Music",1
"2020","Chinmayi",1
"2020","Choker",1
"2020","Chubby Checker",1
"2020","Chuck Berry",1
"2020","Ciscero",1
"2020","Clay Walker",1
"2020","Clint Black",1
"2020","Cochise",1
"2020","Code Red",1
"2020","Cole-Man",1
"2020","Comethazine",1
"2020","Confederate Railroad",1
"2020","Coops",1
"2020","Country Joe McDonald",1
"2020","Cozz",1
"2020","Cyrax",1
"2020","DAO",1
"2020","DJ Purpberry",1
"2020","David Ball",1
"2020","Dbangz",1
"2020","Deeb",1
"2020","Denyah",1
"2020","Devaloop",1
"2020","Digga D",1
"2020","Dijon",1
"2020","Dirty Ike",1
"2020","Divine ScienZe",1
"2020","Doja Cat",1
"2020","Doug Stone",1
"2020","Downtown Owl",1
"2020","Drama Hights",1
"2020","Dre'es",1
"2020","Dream Easy Collective",1
"2020","Dua Lipa",1
"2020","EMAMKAY",1
"2020","Eddie Cochran",1
"2020","Ella Mai",1
"2020","FRANZ",1
"2020","Faces",1
"2020","Fat Joe",1
"2020","Fed Nance",1
"2020","Flying Lotus",1
"2020","Flynn",1
"2020","Frankie Valli",1
"2020","Freddie Dredd",1
"2020","Fredfades",1
"2020","Fredo",1
"2020","French Montana",1
"2020","Fujitsu",1
"2020","Funkonami",1
"2020","GEEGEE",1
"2020","GR?Y",1
"2020","Gaullin",1
"2020","Gene Vincent",1
"2020","George Michael",1
"2020","Geronimus Brothers",1
"2020","Gesmis",1
"2020","Guapdad 4000",1
"2020","HansSOLO",1
"2020","Harddope",1
"2020","HawkOne",1
"2020","Healy",1
"2020","Helix",1
"2020","Holly Near",1
"2020","Honk!",1
"2020","Hulk Hodn",1
"2020","I.L.L. Will",1
"2020","IVE",1
"2020","Inf",1
"2020","J.I the Prince of N.Y",1
"2020","JID",1
"2020","JMBB",1
"2020","JPEGMAFIA",1
"2020","Jagjit Singh",1
"2020","Jake Five",1
"2020","Jane's Addiction",1
"2020","Jay Critch",1
"2020","Jay Prince",1
"2020","Jazzy James",1
"2020","Jeff Bernat",1
"2020","Jesse James Solomon",1
"2020","Jesse McCartney",1
"2020","Jessie Reyez",1
"2020","John Anderson",1
"2020","Jon Bellion",1
"2020","Jon Costa",1
"2020","Jonas Brothers",1
"2020","Justice",1
"2020","K CAMP",1
"2020","K-Trap",1
"2020","Kali Uchis",1
"2020","Kamal.",1
"2020","Kanisan",1
"2020","Kankick",1
"2020","Kansas",1
"2020","KaspaHauser",1
"2020","Kay-O",1
"2020","Kazam",1
"2020","Kelly Clarkson",1
"2020","Kenaj",1
"2020","Kenji",1
"2020","Kev Brown",1
"2020","Kevin Abstract",1
"2020","Kid Abstrakt",1
"2020","Kid Taro",1
"2020","Kista",1
"2020","Klaus Layer",1
"2020","Kofi Stone",1
"2020","Kota the Friend",1
"2020","Kris Wu",1
"2020","L One",1
"2020","LANNE",1
"2020","LESKY",1
"2020","Lady Gaga",1
"2020","Landstrip Chip",1
"2020","Lil Gnar",1
"2020","Lil Loaded",1
"2020","Link up TV",1
"2020","Little Richard",1
"2020","Little River Band",1
"2020","Living Room",1
"2020","Lonestar",1
"2020","Loreno Mayer",1
"2020","Lou Reed",1
"2020","Loud Luxury",1
"2020","Loverboy",1
"2020","Lowkey",1
"2020","Lucenzo",1
"2020","Luke Wild",1
"2020","Lute",1
"2020","Lxst",1
"2020","MANIK MC",1
"2020","Madeus",1
"2020","Malia Lou",1
"2020","Manna Dey",1
"2020","Marcos Caixa",1
"2020","Marino Infantry",1
"2020","Martin Garrix",1
"2020","Martina McBride",1
"2020","Mathic",1
"2020","Matty Wood$",1
"2020","Mehdi Hassan",1
"2020","Michel Telo",1
"2020","Miles Davis",1
"2020","Mixtape Madness",1
"2020","Modha",1
"2020","Moe",1
"2020","Move 78",1
"2020","Mr Mantega",1
"2020","Mvdk",1
"2020","Myles Cameron",1
"2020","NMST",1
"2020","Neil Young",1
"2020","New Boyz",1
"2020","Nick Mason's Saucerful of Secrets",1
"2020","Nipsey Hussle",1
"2020","Nix Northwest",1
"2020","Noel Redding",1
"2020","Noor Jehan",1
"2020","ODIE",1
"2020","OFB",1
"2020","Odd Future",1
"2020","Of Monsters and Men",1
"2020","Offset",1
"2020","Ol' Burger Beats",1
"2020","Olly Murs",1
"2020","Outkast",1
"2020","PENPALS",1
"2020","PRICE",1
"2020","Panic! At The Disco",1
"2020","Penn Masala",1
"2020","Peter Kind",1
"2020","Portaledge",1
"2020","Professor Crabb",1
"2020","Quality Control",1
"2020","Quavo",1
"2020","Quiet Riot",1
"2020","Quill",1
"2020","RAIZA BIZA",1
"2020","REMI",1
"2020","REO Speedwagon",1
"2020","Radiohead",1
"2020","Raekwon",1
"2020","Rahmeen",1
"2020","Randy Travis",1
"2020","Rashid Ali",1
"2020","Revolutionary Rhythm",1
"2020","Rhett Akins",1
"2020","Rich Homie Quan",1
"2020","Ricochet",1
"2020","Ritchie Valens",1
"2020","Rizik",1
"2020","Ryder Sinclair",1
"2020","Ryler Smith",1
"2020","SWAGGER",1
"2020","Saba",1
"2020","Sage The Gemini",1
"2020","Satyr",1
"2020","Sav12",1
"2020","Screen Jazzmaster",1
"2020","Sean Kingston",1
"2020","Seneca B",1
"2020","ShooterGang Kony",1
"2020","Sitting Duck",1
"2020","Smoke Trees",1
"2020","Spectacular Diagnostics",1
"2020","Spokeman",1
"2020","Steely Dan",1
"2020","Stevie Ray Vaughan",1
"2020","Stevie Wonder",1
"2020","Submerse",1
"2020","Sueco",1
"2020","Suigeneris",1
"2020","Sunday Service Choir",1
"2020","Sweet",1
"2020","TABAL",1
"2020","TREVR",1
"2020","Talib Kweli",1
"2020","Taylor Swift",1
"2020","Tears For Fears",1
"2020","The Animals",1
"2020","The BREED",1
"2020","The Byrds",1
"2020","The Chicks",1
"2020","The Kid Daytona",1
"2020","The Kid LAROI",1
"2020","The Notorious B.I.G.",1
"2020","The Roots",1
"2020","The Smiths",1
"2020","The Spencer Davis Group",1
"2020","The Starting 5ive",1
"2020","The Tractors",1
"2020","The-Dream",1
"2020","Thelonious Coltrane",1
"2020","Them",1
"2020","This Is Tomorrow",1
"2020","Tiago Frugoli Ensemble",1
"2020","Tiesto",1
"2020","Toby Keith",1
"2020","Todd Rundgren",1
"2020","Tom Doolie",1
"2020","Trace Adkins",1
"2020","Travis Tritt",1
"2020","Trey Songz",1
"2020","Troy Ave",1
"2020","Tweeko",1
"2020","UFO",1
"2020","URCHN",1
"2020","Village People",1
"2020","Vince Gill",1
"2020","Vince Staples",1
"2020","Vincent Rayn",1
"2020","Vodka",1
"2020","WALK THE MOON",1
"2020","Wake the Wild",1
"2020","Weezer",1
"2020","Weston & Teston",1
"2020","Westside Gunn",1
"2020","XanMan",1
"2020","Xavier Omar",1
"2020","Xavier Wulf",1
"2020","Y.SJ",1
"2020","Yasumu",1
"2020","YoungBoy Never Broke Again",1
"2020","YungGen",1
"2020","Zakir Hussain",1
"2020","Zaps",1
"2020","Zedd",1
"2020","Zomboy",1
"2020","blackwave.",1
"2020","coldbrew",1
"2020","datcurryboi",1
"2020","gianni & kyle",1
"2020","gishfang",1
"2020","invention_",1
"2020","lazy oscar",1
"2020","loland",1
"2020","pettersson",1
"2020","pluko",1
"2020","popadiclo",1
"2020","prxz",1
"2020","rei brown",1
"2020","rocomoco",1
"2020","svrite",1
"2020","whiterosemoxie",1
"2020","wyn wyn",1
"2021","$NOT",1
"2021","*NSYNC",1
"2021","<U+30BB><U+30AD><U+30C8><U+30AA>.<U+30B7><U+30B2><U+30AA>",1
"2021","A$AP NAST",1
"2021","A. M. Rajah",1
"2021","AC/DC",1
"2021","AK420",1
"2021","Ab-Soul",1
"2021","Adam Hicks",1
"2021","Adam Lambert",1
"2021","Ahmad Jamal Trio",1
"2021","Ajit Singh",1
"2021","Ajmw",1
"2021","Alessia Cara",1
"2021","Alexander Scriabin",1
"2021","Alifia, Sonu Kakkar, Bob",1
"2021","Allem Iversom",1
"2021","Amanda Seyfried",1
"2021","America",1
"2021","Anarbor",1
"2021","Anderson .Paak",1
"2021","Annamayya Keerthana",1
"2021","Anthony Drawn",1
"2021","Arunmozhi",1
"2021","Aso",1
"2021","Atif Aslam",1
"2021","Atlanta Rhythm Section",1
"2021","Augustine",1
"2021","Axian",1
"2021","Ayo & Teo",1
"2021","Ayzon",1
"2021","BANNERS",1
"2021","Bad Bunny",1
"2021","Badfinger",1
"2021","Bakar",1
"2021","Beatchild",1
"2021","Beyonce",1
"2021","Bhavatharini",1
"2021","Bill & Pecker",1
"2021","Bill Evans",1
"2021","Bing Crosby",1
"2021","Birds Of The West",1
"2021","Blue Wednesday",1
"2021","Blues Image",1
"2021","Bobby Helms",1
"2021","Boney M.",1
"2021","Bow Wow",1
"2021","Brenda Lee",1
"2021","Brous One",1
"2021","Burrito Brown",1
"2021","Butcher Brown",1
"2021","COIN",1
"2021","Camille Saint-Saens",1
"2021","Cardi B",1
"2021","Carly Rae Jepsen",1
"2021","Carolina Liar",1
"2021","Cash Kidd",1
"2021","Cherub",1
"2021","Chiccote's Beats",1
"2021","Cl4pers",1
"2021","Clap Cotton",1
"2021","Comethazine",1
"2021","Cookin Soul",1
"2021","Crosby, Stills, Nash & Young",1
"2021","DLJ",1
"2021","DVBBS",1
"2021","Declan McKenna",1
"2021","Dee Watkins",1
"2021","Deorro",1
"2021","Derek & The Dominos",1
"2021","Dev Negi",1
"2021","Dimitri Vegas & Like Mike",1
"2021","Dr. Dre",1
"2021","Drakeo the Ruler",1
"2021","Dreamer Isioma",1
"2021","Dreamgirl",1
"2021","Dropkick Murphys",1
"2021","Dweeb",1
"2021","Dylan Sinclair",1
"2021","ENRA",1
"2021","EST Gee",1
"2021","EVAN GIIA",1
"2021","Edith Piaf",1
"2021","Eearz",1
"2021","Elijah Lee",1
"2021","Ella Mai",1
"2021","Elvis Presley",1
"2021","Enluv",1
"2021","FEDUK",1
"2021","Faith Hill",1
"2021","Felly",1
"2021","FloFilz",1
"2021","Flora Vida",1
"2021","Flux Pavilion",1
"2021","Franz Liszt",1
"2021","G-Eazy",1
"2021","GAMPER & DADONI",1
"2021","Gary Numan",1
"2021","Gayla Peevey",1
"2021","George Frideric Handel",1
"2021","George Gershwin",1
"2021","Ghantasala",1
"2021","Glimlip",1
"2021","Gloria Gaynor",1
"2021","Gustav Mahler",1
"2021","Gwen Stefani",1
"2021","H.E.R.",1
"2021","Headie One",1
"2021","High John",1
"2021","Hoodie Allen",1
"2021","Hozier",1
"2021","Hubert Daviz",1
"2021","Hulk Hodn",1
"2021","Idina Menzel",1
"2021","JPEGMAFIA",1
"2021","Jacob Sigman",1
"2021","Jae Trill",1
"2021","Jake Owen",1
"2021","James Arthur",1
"2021","Jasleen Royal",1
"2021","Jason Mraz",1
"2021","Jay & The Americans",1
"2021","Jency",1
"2021","John Coltrane Quartet",1
"2021","John Lennon",1
"2021","John Mayer",1
"2021","Johnny Mathis",1
"2021","Jon Bellion",1
"2021","Jon Pardi",1
"2021","Josh Groban",1
"2021","KALEO",1
"2021","KAYTRANADA",1
"2021","Kanisan",1
"2021","Katy Perry",1
"2021","Keith Richards",1
"2021","Kelly Clarkson",1
"2021","Kenny Mason",1
"2021","King",1
"2021","Koralle",1
"2021","L. R. Eswari",1
"2021","LIZER",1
"2021","Latitia",1
"2021","Laxmikant-Pyarelal",1
"2021","Lenny Loops",1
"2021","Leos Janacek",1
"2021","Lifehouse",1
"2021","Lil Gnar",1
"2021","Lil Keed",1
"2021","Lilac",1
"2021","Linearwave",1
"2021","Loafy Building",1
"2021","Loop Schrauber",1
"2021","Lord Huron",1
"2021","Louk",1
"2021","Low Phil",1
"2021","Lukas Graham",1
"2021","LuvBug",1
"2021","M. S. Subbulakshmi",1
"2021","Malaysia Vasudevan",1
"2021","Mambalam M.K.S. Siva",1
"2021","Martin Solveig",1
"2021","Martina McBride",1
"2021","Matt Maeson",1
"2021","Maurice Ravel",1
"2021","Michael Buble",1
"2021","Michael Jackson",1
"2021","Mila Coolness",1
"2021","Milind Sagar",1
"2021","Miramare",1
"2021","Miyagi & Andy Panda",1
"2021","Mnogoznaal",1
"2021","Moneybagg Yo",1
"2021","Morpheus Two",1
"2021","Mozzy",1
"2021","Mukesh",1
"2021","Mvdb",1
"2021","Mvdk",1
"2021","N. R. P. Ravichandhran",1
"2021","NEIKED",1
"2021","NLE Choppa",1
"2021","NOTD",1
"2021","Naresh Iyer",1
"2021","Nas",1
"2021","Nat King Cole",1
"2021","Nat King Cole Trio",1
"2021","Nebu Kiniza",1
"2021","Neeraj Shridhar",1
"2021","Nef The Pharaoh",1
"2021","NickyDiesel",1
"2021","No Rome",1
"2021","No Suits",1
"2021","Noisestorm",1
"2021","Nometronn",1
"2021","Nothingtosay",1
"2021","Nouman Khalid",1
"2021","Novo Amor",1
"2021","Octavian",1
"2021","Offset",1
"2021","Oh Wonder",1
"2021","Omar Apollo",1
"2021","Only The Family",1
"2021","Orleans",1
"2021","Pablo Cruise",1
"2021","Pandiraj",1
"2021","Parental",1
"2021","Passenger",1
"2021","Peter Gabriel",1
"2021","Peter Kind",1
"2021","PhatCap!",1
"2021","Phil Collins",1
"2021","Phillip Phillips",1
"2021","Pink Hoodie",1
"2021","Poetics",1
"2021","Pontiac Puma",1
"2021","Priceless Da Roc",1
"2021","Problem",1
"2021","Project AER",1
"2021","Psalm Trees",1
"2021","Pueblo Vista",1
"2021","Pusha T",1
"2021","RINZ.",1
"2021","ROSALIA",1
"2021","Ramu",1
"2021","Rascal Flatts",1
"2021","Rauw Alejandro",1
"2021","Rayan",1
"2021","Rebounder",1
"2021","Redlight King",1
"2021","RejSende",1
"2021","Richie Rych",1
"2021","Rick James",1
"2021","Riton",1
"2021","Robbie Williams",1
"2021","Rook1e",1
"2021","Rush",1
"2021","Russ",1
"2021","Ryan Trey",1
"2021","S.P. Charan",1
"2021","SAINt JHN",1
"2021","SOB",1
"2021","SahBabii",1
"2021","Sahara",1
"2021","Salim-Sulaiman",1
"2021","Sam Cross",1
"2021","Sandaru Sathsara",1
"2021","Santana",1
"2021","Santino Le Saint",1
"2021","Satyr",1
"2021","Screen Jazzmaster",1
"2021","Sech",1
"2021","Sheff G",1
"2021","Sheik Chinna Moulana",1
"2021","Sia",1
"2021","SicknessMP",1
"2021","Sidual.",1
"2021","Silambarasan TR",1
"2021","Silver",1
"2021","Sirkazhi Govindarajan",1
"2021","Skryptonite",1
"2021","Sleepermane",1
"2021","Slumm Prince",1
"2021","Smiley",1
"2021","SoFaygo",1
"2021","Sonder",1
"2021","Soul Legend",1
"2021","Spaze Windu",1
"2021","Steely Dan",1
"2021","Steppenwolf",1
"2021","Steve Winwood",1
"2021","Stevie Wonder",1
"2021","Still Woozy",1
"2021","Sugarloaf",1
"2021","Sukhwinder Singh",1
"2021","Summer Walker",1
"2021","Sundar C. Babu",1
"2021","Survivor",1
"2021","Sviatoslav Richter",1
"2021","SwuM",1
"2021","T-Pain",1
"2021","T.I.",1
"2021","THE SCOTTS",1
"2021","Taj Mahal",1
"2021","Takeoff",1
"2021","Tavares",1
"2021","Tems",1
"2021","Teo",1
"2021","Teyana Taylor",1
"2021","The Alchemist",1
"2021","The Band",1
"2021","The Black Keys",1
"2021","The Byrds",1
"2021","The Carters",1
"2021","The Federal Empire",1
"2021","The Grass Roots",1
"2021","The Legends",1
"2021","The Runaways",1
"2021","The Strokes",1
"2021","The Vamps",1
"2021","Third Eye Blind",1
"2021","Thunderclap Newman",1
"2021","Tobu",1
"2021","Tohaj",1
"2021","Tom Doolie",1
"2021","Tom Hanks",1
"2021","Tom Walker",1
"2021","True Story Gee",1
"2021","Ty Dolla $ign",1
"2021","Uma Ramanan",1
"2021","Umberto Giordano",1
"2021","Unni Menon",1
"2021","Veeramani Raju",1
"2021","Village People",1
"2021","WZRD",1
"2021","Wajid",1
"2021","Wale",1
"2021","Walter Murphy",1
"2021","Westside Gunn",1
"2021","Winnetka Bowling League",1
"2021","Wun Two",1
"2021","YN Jay",1
"2021","Yaima",1
"2021","Yashita Sharma",1
"2021","Yawn Shop",1
"2021","Yeah Yeah Yeahs",1
"2021","Years & Years",1
"2021","Yung Bleu",1
"2021","Yuvan Shankar Raja",1
"2021","Yvonne Elliman",1
"2021","Zmeyev",1
"2021","benny blanco",1
"2021","blnkspc_",1
"2021","damaa.beats",1
"2021","dvsn",1
"2021","elmo",1
"2021","goosetaf",1
"2021","j'san",1
"2021","khaderbai",1
"2021","l'Outlander",1
"2021","lofi lemur",1
"2021","loland",1
"2021","madmax",1
"2021","nrg",1
"2021","p!ke",1
"2021","paris91",1
"2021","pettersson",1
"2021","santpoort",1
"2021","spice rack",1
"2021","squeeda",1
"2021","stream_error",1
"2021","takeo",1
"2021","tomcbumpz",1
"2022","*67",1
"2022","10kkev",1
"2022","4LGANG G5iVE",1
"2022","80purppp",1
"2022","88rising",1
"2022","A Great Big World",1
"2022","AJR",1
"2022","Ace Hood",1
"2022","Addict.",1
"2022","Afroman",1
"2022","Ajay-Atul",1
"2022","Al Green",1
"2022","Alesso",1
"2022","Alice Deejay",1
"2022","Alicia Keys",1
"2022","Alison Krauss",1
"2022","Aloe Blacc",1
"2022","Amanda Seyfried",1
"2022","American Dad! Cast",1
"2022","American Paratrooper",1
"2022","Amerie",1
"2022","Angry Children",1
"2022","AnimationStation",1
"2022","Ansel Elgort",1
"2022","Ausar",1
"2022","Axwell /\ Ingrosso",1
"2022","B<U+01B1>BBLE",1
"2022","BORNS",1
"2022","BRONSON",1
"2022","Baby Kata",1
"2022","Baby Weight",1
"2022","Bad History",1
"2022","Bakar",1
"2022","Bankrol Hayden",1
"2022","Baskem",1
"2022","Battman Carter",1
"2022","Becky Hill",1
"2022","Bedroom",1
"2022","Ben Rector",1
"2022","BermudaCal",1
"2022","Bhad Bhabie",1
"2022","Big Hooch",1
"2022","Big Memer",1
"2022","Big Pun",1
"2022","Big Thief",1
"2022","Bill Withers",1
"2022","Billy Sick",1
"2022","Bing Crosby",1
"2022","Birdman",1
"2022","Birds Of The West",1
"2022","Blac Bamboo",1
"2022","Blackstreet",1
"2022","Blasterjaxx",1
"2022","BluntOne",1
"2022","Blur",1
"2022","Blxst",1
"2022","Bob Marley & The Wailers",1
"2022","Bobby Darin",1
"2022","Bobby Dreamz BIG",1
"2022","Bobby Rydell",1
"2022","Bonner's Soup",1
"2022","Booman Forever",1
"2022","Boyz II Men",1
"2022","Brick + Mortar",1
"2022","Britney Spears",1
"2022","Broken Bells",1
"2022","Brooks & Dunn",1
"2022","Bubbles & The Shit Rockers",1
"2022","Bugzy Malone",1
"2022","Burl Ives",1
"2022","Burrito Eats",1
"2022","CHAiN",1
"2022","CHEERIO KING",1
"2022","Cab'Ral",1
"2022","Carneyval",1
"2022","Carrie Underwood",1
"2022","Cascada",1
"2022","Cash Kidd",1
"2022","Cazzu",1
"2022","CeeLo Green",1
"2022","Cha Cha",1
"2022","Chancla",1
"2022","Charles Hamilton",1
"2022","Charli XCX",1
"2022","Charlie Puth",1
"2022","Chase Martin",1
"2022","Chloe George",1
"2022","Chloe x Halle",1
"2022","Chris Wilson",1
"2022","Chuck Berry",1
"2022","Chuck Sutton",1
"2022","Ciara",1
"2022","City Girls",1
"2022","CloZee",1
"2022","Cochise",1
"2022","Cold War Kids",1
"2022","Comethazine",1
"2022","Conan Gray",1
"2022","Context Sensitive",1
"2022","Corey St.Rose",1
"2022","Corn",1
"2022","Counting Crows",1
"2022","Crash Kings",1
"2022","Crazy Frog",1
"2022","Crispy Concords",1
"2022","Cyranek",1
"2022","DJ ESCO",1
"2022","DJ FGT",1
"2022","DJ Snake",1
"2022","DRWN.",1
"2022","DWLLRS",1
"2022","DYVN",1
"2022","Da Vinci's Notebook",1
"2022","Dan Bull",1
"2022","Daniel Powter",1
"2022","Dave East",1
"2022","Dave Wol",1
"2022","David Kushner",1
"2022","DavidTheTragic",1
"2022","Davido",1
"2022","Dean Lewis",1
"2022","DelMar",1
"2022","Der Soldatenchor und das grosse Blasorchester des Kameradschaftsbundes Frankfurt",1
"2022","Der Witz",1
"2022","Diana Ross",1
"2022","DigBar",1
"2022","Dimension Latina",1
"2022","Dog Fashion Disco",1
"2022","Don Philippe",1
"2022","Dontcry",1
"2022","Douibyorthst",1
"2022","Dpsht",1
"2022","Dr. Doofenshmirtz",1
"2022","Dr. Dundiff",1
"2022","Dre nello",1
"2022","Dream",1
"2022","Dro Kenji",1
"2022","Droop-E",1
"2022","Duan Wasi",1
"2022","EARTHGANG",1
"2022","Ed Sheeran",1
"2022","Elior",1
"2022","Elsei",1
"2022","FELIVAND",1
"2022","FKA twigs",1
"2022","FRENSHIP",1
"2022","Fat Joe",1
"2022","Fed Nance",1
"2022","Fergie",1
"2022","Fin",1
"2022","Flume",1
"2022","Flyingkitty",1
"2022","Foreigner",1
"2022","Fountains Of Wayne",1
"2022","Frank Sinatra",1
"2022","Frankie Valli & The Four Seasons",1
"2022","Freddie Gibbs",1
"2022","Fugees",1
"2022","G2 Genesis",1
"2022","GAMPER & DADONI",1
"2022","Gas Lab",1
"2022","Ghost Town DJs",1
"2022","Gianna Nannini",1
"2022","Ginuwine",1
"2022","Glass Animals",1
"2022","Gnarls Barkley",1
"2022","Goldenninjah",1
"2022","GoodMeme",1
"2022","Gooseworx",1
"2022","Gordo Enredadera",1
"2022","Grandmaster Tilden",1
"2022","Grover Washington, Jr.",1
"2022","Guustavv",1
"2022","Gyurto",1
"2022","Hakan Hellstrom",1
"2022","Harry Belafonte",1
"2022","Harry Styles",1
"2022","Hell Ya Fucking Right",1
"2022","Hevi",1
"2022","Highly Suspect",1
"2022","Homixide Gang",1
"2022","Hope Tala",1
"2022","Horsegirl",1
"2022","Hotel Ugly",1
"2022","House Of Pain",1
"2022","Howeh",1
"2022","Hozier",1
"2022","Hudson Mohawke",1
"2022","INTRXVRT",1
"2022","Ian Ewing",1
"2022","Icewear Vezzo",1
"2022","Icona Pop",1
"2022","Idina Menzel",1
"2022","Ilmari Hakkola",1
"2022","JBlanked",1
"2022","JJ Heller",1
"2022","Jack Shore",1
"2022","Jafiki",1
"2022","Jake Jurant",1
"2022","James Bay",1
"2022","James Brown",1
"2022","James TW",1
"2022","Jason Aldean",1
"2022","Jazzinuf",1
"2022","Jazzy James",1
"2022","Jeremiah Perez",1
"2022","Jet",1
"2022","Jhove",1
"2022","Jimmy Durante",1
"2022","Jimmy Eat World",1
"2022","Jimmy Here",1
"2022","Johann Sebastian Bach",1
"2022","John Legend",1
"2022","John Lennon",1
"2022","John Mayer",1
"2022","John Vincent III",1
"2022","Joji",1
"2022","Jon Bellion",1
"2022","Jon Waltz",1
"2022","Jonah Zed",1
"2022","Jonas Brothers",1
"2022","Jose Feliciano",1
"2022","Joyce Wrice",1
"2022","Joyner Lucas",1
"2022","Jr. Wellness",1
"2022","Jreg",1
"2022","June Christy",1
"2022","Jungle",1
"2022","KAMI",1
"2022","KANKAN",1
"2022","KC & The Sunshine Band",1
"2022","KJ King of Hearts",1
"2022","KOMOREBI",1
"2022","KT6900",1
"2022","Kehlani",1
"2022","Ken Carson",1
"2022","Kenny Chesney",1
"2022","Kenny Loggins",1
"2022","Kevin MacLeod",1
"2022","Key Nyata",1
"2022","Keyzs-Sean Sparsfa",1
"2022","Kina Grannis",1
"2022","Kirk Knight",1
"2022","Kirt Connor",1
"2022","Klondike Blonde",1
"2022","Knowsum",1
"2022","Konteks",1
"2022","Kota the Friend",1
"2022","Krystal Evette",1
"2022","Kubuch",1
"2022","Ky akasha",1
"2022","LIL dEE",1
"2022","LUCKI",1
"2022","Labrinth",1
"2022","Lady Gaga",1
"2022","Laffey",1
"2022","Lalo Rodriguez",1
"2022","Lamar Azul",1
"2022","Lamar Tazz Jay",1
"2022","Last Dinosaurs",1
"2022","Lazlow",1
"2022","Leon Bridges",1
"2022","LeviathanJPTV",1
"2022","Lewis Capaldi",1
"2022","Liam Gallagher",1
"2022","Liam Payne",1
"2022","Lil Jon",1
"2022","Lil Jon & The East Side Boyz",1
"2022","Lil Keed",1
"2022","Lily Allen",1
"2022","Linkin Park",1
"2022","Lo'Dale",1
"2022","Local Natives",1
"2022","London Yellow",1
"2022","Loop Schrauber",1
"2022","Lou Monte",1
"2022","Lucky Daye",1
"2022","Luke Bryan",1
"2022","Luke Combs",1
"2022","Luna Shadows",1
"2022","Lunar",1
"2022","MC Glitchy",1
"2022","ME+L",1
"2022","MEDUZA",1
"2022","MIXK",1
"2022","Macklemore",1
"2022","Made On Info",1
"2022","Made in M",1
"2022","MadeinTYO",1
"2022","Maggie Rogers",1
"2022","Mando Audio",1
"2022","Manu Chao",1
"2022","Manuel",1
"2022","Mariah Carey",1
"2022","Martin Solveig",1
"2022","Mashonda",1
"2022","MattOfficiel",1
"2022","Matthew Mole",1
"2022","Mavado",1
"2022","Max MacVeety",1
"2022","Maxo Kream",1
"2022","Megan Thee Stallion",1
"2022","Mgbwild",1
"2022","Michael The Author",1
"2022","Mike Irish",1
"2022","Miley Cyrus",1
"2022","Mister Ethan",1
"2022","Mizta Z",1
"2022","Money Man",1
"2022","Moneybagg Yo",1
"2022","Mr. Nicky",1
"2022","Mudrigo",1
"2022","Mujo",1
"2022","Mylo B",1
"2022","Myriad",1
"2022","Nabil Wu",1
"2022","Nathan Kawanishi",1
"2022","Naughty Boy",1
"2022","Nelly Furtado",1
"2022","Nevada",1
"2022","Nipsey Hussle",1
"2022","NoCap",1
"2022","Noah Kahan",1
"2022","Nursery Rhymes ABC",1
"2022","O2worldwide",1
"2022","Oddisee",1
"2022","Oingo Boingo",1
"2022","Oliver Hazard",1
"2022","Omar Apollo",1
"2022","Orestes Gomez",1
"2022","P. Susheela",1
"2022","Palace",1
"2022","Palmasur",1
"2022","Pantone",1
"2022","Paramore",1
"2022","Passenger",1
"2022","Pastor Rex",1
"2022","Pat Ron",1
"2022","Paul McCartney",1
"2022","Paul Rosenberg",1
"2022","Peach Pit",1
"2022","Peezy",1
"2022","Pepper Coyote",1
"2022","Peter Kind",1
"2022","PhatCap!",1
"2022","Phillip Phillips",1
"2022","Playa",1
"2022","Pointy Features",1
"2022","Pollari",1
"2022","Pressure",1
"2022","Pretty Vicious",1
"2022","Pritam",1
"2022","R. Kelly",1
"2022","RLLBTS",1
"2022","Ralfy the Plug",1
"2022","Ralph Jet",1
"2022","Raouf Beats",1
"2022","Rariboy Spin",1
"2022","Raw Art Movement",1
"2022","Ray Charles",1
"2022","Rich Chambers",1
"2022","Rich Homie Quan",1
"2022","Richie Rych",1
"2022","Rick Astley",1
"2022","Rick Springfield",1
"2022","Rucka Rucka Ali",1
"2022","Ruelle",1
"2022","Ryan Hailey",1
"2022","S N U G",1
"2022","SAINt JHN",1
"2022","SL",1
"2022","SLACKCiRCUS",1
"2022","SSGKobe",1
"2022","Saib",1
"2022","Saiko",1
"2022","Saint BeDa",1
"2022","Salva",1
"2022","Sam Cooke",1
"2022","Sam Feldt",1
"2022","Sam Hunt",1
"2022","San Holo",1
"2022","Sardine Slayer",1
"2022","Saweetie",1
"2022","Schmiddunsk",1
"2022","Seeb",1
"2022","Seizure Machine",1
"2022","Seth Bishop",1
"2022","Shokk",1
"2022","Shontelle",1
"2022","Shouse",1
"2022","Sided",1
"2022","Skence",1
"2022","Skilla Baby",1
"2022","SkinBone",1
"2022","Smeeagain",1
"2022","Smoke",1
"2022","Sniper Gang",1
"2022","Snorlads",1
"2022","SoNE",1
"2022","Social House",1
"2022","Solange",1
"2022","Sonu Nigam",1
"2022","SoulChef",1
"2022","Soup",1
"2022","SpoonBeats",1
"2022","SpotemGottem",1
"2022","Stamper",1
"2022","Stephanie Beatriz",1
"2022","Steppenwolf",1
"2022","Steve Miller Band",1
"2022","Summer Walker",1
"2022","Surf Curse",1
"2022","Sweatson Klank",1
"2022","THE SCOTTS",1
"2022","TRIBEZ.",1
"2022","TV Girl",1
"2022","Take Me To Your Best Friends House",1
"2022","Talking Heads",1
"2022","Tamia",1
"2022","Teebs",1
"2022","Tennessee Ernie Ford",1
"2022","Terrace Martin",1
"2022","The Alchemist",1
"2022","The Baby Einstein Music Box Orchestra",1
"2022","The Cast of Paradise PD",1
"2022","The Chords",1
"2022","The Drums",1
"2022","The Heavy",1
"2022","The Jacka",1
"2022","The Junior Beats",1
"2022","The Last Goodnight",1
"2022","The Lovin' Spoonful",1
"2022","The Raconteurs",1
"2022","The Roots",1
"2022","The Sugarhill Gang",1
"2022","The Tams",1
"2022","The Tano Jones Revelry",1
"2022","The Upside Downs",1
"2022","The White Stripes",1
"2022","The Young Xp",1
"2022","TheStalli",1
"2022","Thirupathi V Sathyanarayana",1
"2022","Tiago PZK",1
"2022","Tim Haywood",1
"2022","Tim McGraw",1
"2022","Timbaland",1
"2022","Tino Szn",1
"2022","Tion Wayne",1
"2022","Tis L",1
"2022","TobyMac",1
"2022","Toddler Tunes",1
"2022","Tokyo Machine",1
"2022","Tom Jones",1
"2022","Tom Petty and the Heartbreakers",1
"2022","Tom The Mail Man",1
"2022","Tones And I",1
"2022","Too $hort",1
"2022","Toonorth",1
"2022","Toploader",1
"2022","Tori Kelly",1
"2022","Towerz",1
"2022","Trapperman Dale",1
"2022","Trevor Spitta",1
"2022","Tyla Yaweh",1
"2022","UFO",1
"2022","UKDD",1
"2022","Un!dentified",1
"2022","Uncle Kracker",1
"2022","UnoTheActivist",1
"2022","Us The Duo",1
"2022","Verbalase",1
"2022","Veronica Maggio",1
"2022","Vineotap",1
"2022","Vinnies Pm",1
"2022","Vishal-Shekhar",1
"2022","Vonuzal",1
"2022","Vory",1
"2022","Vundabar",1
"2022","Wes Walker",1
"2022","Willie Colon",1
"2022","Wun Two",1
"2022","Xanndo",1
"2022","YG Rob",1
"2022","Yo Gotti",1
"2022","Yolanda Be Cool",1
"2022","ZAYN",1
"2022","Zen Park",1
"2022","Zigz Gaud",1
"2022","Ziv Zaifman",1
"2022","alt-J",1
"2022","bLAck pARty",1
"2022","belluh27",1
"2022","countrystar420",1
"2022","don C",1
"2022","farewell",1
"2022","iLL BLU",1
"2022","iamalex",1
"2022","juno",1
"2022","milligon",1
"2022","mndyrmm",1
"2022","mrgirl",1
"2022","paris91",1
"2022","softy",1
"2022","twuan",1
"2022","veggi",1
"2022","xander.",1
"2022","youngnys",1
"2022","yums",1
